query_file,join_count,bytes_read,target_tables,n_tables,query_hash,gen_status,sql
10a.sql,6,302432232,aka_title|cast_info|char_name|kind_type|movie_info_idx|role_type|title,7,ed379453,ok,"SELECT DISTINCT ON(""char_name"".""id"") ""char_name"".""name_pcode_nf"" FROM ""char_name"" LEFT JOIN ""cast_info"" ON ""char_name"".""id"" = ""cast_info"".""person_role_id"" LEFT JOIN ""title"" ON ""cast_info"".""movie_id"" = ""title"".""id"" LEFT JOIN ""role_type"" ON ""cast_info"".""role_id"" = ""role_type"".""id"" LEFT JOIN ""kind_type"" ON ""title"".""kind_id"" = ""kind_type"".""id"" LEFT JOIN ""aka_title"" ON ""title"".""id"" = ""aka_title"".""movie_id"" LEFT JOIN ""movie_info_idx"" ON ""title"".""id"" = ""movie_info_idx"".""movie_id"" WHERE ""char_name"".""surname_pcode"" BETWEEN 'A2514' AND 'Z6562' AND ""aka_title"".""phonetic_code"" BETWEEN 'A1652' AND 'Z6564' AND ""role_type"".""role"" BETWEEN 'actor' AND 'writer' AND ""cast_info"".""nr_order"" BETWEEN 0 AND 1115798165 AND ""title"".""title"" BETWEEN '(#1.10964)' AND 'üç' AND ""kind_type"".""kind"" BETWEEN 'episode' AND 'video movie' AND ""movie_info_idx"".""info"" BETWEEN '.....23010' AND '9997';"
10b.sql,6,302432232,aka_name|cast_info|char_name|movie_keyword|name|role_type|title,7,3fb9415c,ok,"SELECT DISTINCT ON(""char_name"".""id"") ""char_name"".""imdb_index"" FROM ""char_name"" LEFT JOIN ""cast_info"" ON ""char_name"".""id"" = ""cast_info"".""person_role_id"" LEFT JOIN ""name"" ON ""cast_info"".""person_id"" = ""name"".""id"" LEFT JOIN ""aka_name"" ON ""name"".""id"" = ""aka_name"".""person_id"" LEFT JOIN ""role_type"" ON ""cast_info"".""role_id"" = ""role_type"".""id"" LEFT JOIN ""title"" ON ""cast_info"".""movie_id"" = ""title"".""id"" LEFT JOIN ""movie_keyword"" ON ""title"".""id"" = ""movie_keyword"".""movie_id"" WHERE ""title"".""phonetic_code"" BETWEEN 'A2352' AND 'Z6565' AND ""name"".""name_pcode_cf"" BETWEEN 'A2526' AND 'Z6565' AND ""char_name"".""imdb_index"" BETWEEN 'M' AND 'M' AND ""role_type"".""role"" BETWEEN 'actor' AND 'writer' AND ""aka_name"".""md5sum"" BETWEEN '0292cac958e7ccf97eb657f38ec21ee0' AND 'ffffe722e6e7c1a8ba1f66032fef9762' AND ""cast_info"".""note"" BETWEEN '(advisor) (as Dan Carter)' AND '(épouse de Raymond)';"
10c.sql,6,302432232,aka_name|cast_info|char_name|info_type|name|person_info|role_type,7,e84cdc71,ok,"SELECT DISTINCT ON(""char_name"".""id"") ""char_name"".""id"" FROM ""char_name"" LEFT JOIN ""cast_info"" ON ""char_name"".""id"" = ""cast_info"".""person_role_id"" LEFT JOIN ""role_type"" ON ""cast_info"".""role_id"" = ""role_type"".""id"" LEFT JOIN ""name"" ON ""cast_info"".""person_id"" = ""name"".""id"" LEFT JOIN ""person_info"" ON ""name"".""id"" = ""person_info"".""person_id"" LEFT JOIN ""aka_name"" ON ""name"".""id"" = ""aka_name"".""person_id"" LEFT JOIN ""info_type"" ON ""person_info"".""info_type_id"" = ""info_type"".""id"" WHERE ""char_name"".""name_pcode_nf"" BETWEEN 'A252' AND 'Z6565' AND ""aka_name"".""surname_pcode"" BETWEEN 'A362' AND 'Z656' AND ""info_type"".""info"" BETWEEN 'LD additional information' AND 'where now' AND ""role_type"".""role"" BETWEEN 'actor' AND 'writer' AND ""cast_info"".""note"" BETWEEN '(advisor) (as Dan Carter)' AND '(épouse de Raymond)' AND ""person_info"".""info"" BETWEEN '""Celebrity Sleuth"" (USA), 2004, Iss. 35' AND 'Þórsson, Sindri Eldon' AND ""name"".""gender"" BETWEEN 'f' AND 'm';"
11a.sql,7,68327928,aka_title|company_name|complete_cast|kind_type|movie_companies|movie_info_idx|movie_link|title,8,6af1bbdc,ok,"SELECT DISTINCT ON(""company_name"".""id"") ""company_name"".""id"" FROM ""company_name"" LEFT JOIN ""movie_companies"" ON ""company_name"".""id"" = ""movie_companies"".""company_id"" LEFT JOIN ""title"" ON ""movie_companies"".""movie_id"" = ""title"".""id"" LEFT JOIN ""movie_info_idx"" ON ""title"".""id"" = ""movie_info_idx"".""movie_id"" LEFT JOIN ""aka_title"" ON ""title"".""id"" = ""aka_title"".""movie_id"" LEFT JOIN ""kind_type"" ON ""title"".""kind_id"" = ""kind_type"".""id"" LEFT JOIN ""movie_link"" ON ""title"".""id"" = ""movie_link"".""movie_id"" LEFT JOIN ""complete_cast"" ON ""title"".""id"" = ""complete_cast"".""movie_id"" WHERE ""title"".""episode_nr"" BETWEEN 1 AND 91821 AND ""movie_info_idx"".""info"" BETWEEN '.....23010' AND '9997' AND ""movie_companies"".""note"" BETWEEN '(1911) (USA) (theatrical)' AND 'co-production)' AND ""complete_cast"".""status_id"" BETWEEN 3 AND 4 AND ""kind_type"".""kind"" BETWEEN 'episode' AND 'video movie' AND ""aka_title"".""md5sum"" BETWEEN '0295f180951ddef467f872957d8b8705' AND 'ffffed51d8d1764c844259b95f49853e' AND ""movie_link"".""linked_movie_id"" BETWEEN 11104 AND 2524994 AND ""company_name"".""md5sum"" BETWEEN '0297e5ec22db809e0ff2b2ac09985ab9' AND 'ffff4e2362f22b10d3ac911e2f963b2a';"
11b.sql,7,68327928,aka_title|comp_cast_type|company_name|company_type|complete_cast|movie_companies|movie_info_idx|title,8,85abee34,ok,"SELECT DISTINCT ON(""company_name"".""id"") ""company_name"".""id"" FROM ""company_name"" LEFT JOIN ""movie_companies"" ON ""company_name"".""id"" = ""movie_companies"".""company_id"" LEFT JOIN ""company_type"" ON ""movie_companies"".""company_type_id"" = ""company_type"".""id"" LEFT JOIN ""title"" ON ""movie_companies"".""movie_id"" = ""title"".""id"" LEFT JOIN ""complete_cast"" ON ""title"".""id"" = ""complete_cast"".""movie_id"" LEFT JOIN ""aka_title"" ON ""title"".""id"" = ""aka_title"".""movie_id"" LEFT JOIN ""comp_cast_type"" ON ""complete_cast"".""subject_id"" = ""comp_cast_type"".""id"" LEFT JOIN ""movie_info_idx"" ON ""title"".""id"" = ""movie_info_idx"".""movie_id"" WHERE ""complete_cast"".""status_id"" BETWEEN 3 AND 4 AND ""company_name"".""md5sum"" BETWEEN '0297e5ec22db809e0ff2b2ac09985ab9' AND 'ffff4e2362f22b10d3ac911e2f963b2a' AND ""aka_title"".""note"" BETWEEN '(Australia) (rerun title)' AND '(working ttitle)' AND ""comp_cast_type"".""kind"" BETWEEN 'cast' AND 'crew' AND ""company_type"".""kind"" BETWEEN 'distributors' AND 'special effects companies' AND ""title"".""episode_nr"" BETWEEN 1 AND 91821 AND ""movie_info_idx"".""info"" BETWEEN '.....23010' AND '9997' AND ""movie_companies"".""note"" BETWEEN '(1911) (USA) (theatrical)' AND 'co-production)';"
11c.sql,7,68327928,aka_title|cast_info|company_name|movie_companies|movie_info|movie_info_idx|movie_link|title,8,883254cc,ok,"SELECT DISTINCT ON(""company_name"".""id"") ""company_name"".""name_pcode_nf"" FROM ""company_name"" LEFT JOIN ""movie_companies"" ON ""company_name"".""id"" = ""movie_companies"".""company_id"" LEFT JOIN ""title"" ON ""movie_companies"".""movie_id"" = ""title"".""id"" LEFT JOIN ""movie_info_idx"" ON ""title"".""id"" = ""movie_info_idx"".""movie_id"" LEFT JOIN ""movie_link"" ON ""title"".""id"" = ""movie_link"".""movie_id"" LEFT JOIN ""aka_title"" ON ""title"".""id"" = ""aka_title"".""movie_id"" LEFT JOIN ""cast_info"" ON ""title"".""id"" = ""cast_info"".""movie_id"" LEFT JOIN ""movie_info"" ON ""title"".""id"" = ""movie_info"".""movie_id"" WHERE ""title"".""phonetic_code"" BETWEEN 'A2352' AND 'Z6565' AND ""movie_info_idx"".""info"" BETWEEN '.....23010' AND '9997' AND ""movie_companies"".""note"" BETWEEN '(1911) (USA) (theatrical)' AND 'co-production)' AND ""movie_info"".""info"" BETWEEN '$25,000' AND '€ 999,554 (Belgium) (25 March 2007)' AND ""aka_title"".""production_year"" BETWEEN 1905 AND 2016 AND ""movie_link"".""linked_movie_id"" BETWEEN 11104 AND 2524994 AND ""company_name"".""name"" BETWEEN '6 {ft} 1 Productions' AND 'ö Filmproduktion' AND ""cast_info"".""note"" BETWEEN '(advisor) (as Dan Carter)' AND '(épouse de Raymond)';"
11d.sql,7,68327928,cast_info|company_name|complete_cast|kind_type|movie_companies|movie_info|movie_keyword|title,8,0cde9c39,ok,"SELECT DISTINCT ON(""company_name"".""id"") ""company_name"".""id"" FROM ""company_name"" LEFT JOIN ""movie_companies"" ON ""company_name"".""id"" = ""movie_companies"".""company_id"" LEFT JOIN ""title"" ON ""movie_companies"".""movie_id"" = ""title"".""id"" LEFT JOIN ""movie_keyword"" ON ""title"".""id"" = ""movie_keyword"".""movie_id"" LEFT JOIN ""cast_info"" ON ""title"".""id"" = ""cast_info"".""movie_id"" LEFT JOIN ""kind_type"" ON ""title"".""kind_id"" = ""kind_type"".""id"" LEFT JOIN ""movie_info"" ON ""title"".""id"" = ""movie_info"".""movie_id"" LEFT JOIN ""complete_cast"" ON ""title"".""id"" = ""complete_cast"".""movie_id"" WHERE ""movie_info"".""info"" BETWEEN '$25,000' AND '€ 999,554 (Belgium) (25 March 2007)' AND ""complete_cast"".""status_id"" BETWEEN 3 AND 4 AND ""company_name"".""country_code"" BETWEEN '[at]' AND '[zw]' AND ""cast_info"".""nr_order"" BETWEEN 0 AND 1115798165 AND ""title"".""title"" BETWEEN '(#1.10964)' AND 'üç' AND ""kind_type"".""kind"" BETWEEN 'episode' AND 'video movie' AND ""movie_companies"".""note"" BETWEEN '(1911) (USA) (theatrical)' AND 'co-production)';"
12a.sql,7,361317773,aka_title|company_name|keyword|kind_type|movie_companies|movie_keyword|movie_link|title,8,ace4e093,ok,"SELECT DISTINCT ON(""company_name"".""id"") ""company_name"".""id"" FROM ""company_name"" LEFT JOIN ""movie_companies"" ON ""company_name"".""id"" = ""movie_companies"".""company_id"" LEFT JOIN ""title"" ON ""movie_companies"".""movie_id"" = ""title"".""id"" LEFT JOIN ""movie_keyword"" ON ""title"".""id"" = ""movie_keyword"".""movie_id"" LEFT JOIN ""keyword"" ON ""movie_keyword"".""keyword_id"" = ""keyword"".""id"" LEFT JOIN ""aka_title"" ON ""title"".""id"" = ""aka_title"".""movie_id"" LEFT JOIN ""kind_type"" ON ""aka_title"".""kind_id"" = ""kind_type"".""id"" LEFT JOIN ""movie_link"" ON ""title"".""id"" = ""movie_link"".""movie_id"" WHERE ""title"".""episode_of_id"" BETWEEN 15711 AND 2528186 AND ""movie_companies"".""note"" BETWEEN '(1911) (USA) (theatrical)' AND 'co-production)' AND ""kind_type"".""kind"" BETWEEN 'episode' AND 'video movie' AND ""keyword"".""keyword"" BETWEEN 'acidosis' AND 'øresund' AND ""aka_title"".""season_nr"" BETWEEN 1 AND 63 AND ""movie_link"".""linked_movie_id"" BETWEEN 11104 AND 2524994 AND ""company_name"".""country_code"" BETWEEN '[at]' AND '[zw]';"
12b.sql,7,361317773,aka_title|company_name|company_type|complete_cast|movie_companies|movie_info|movie_link|title,8,3cc07b3f,ok,"SELECT DISTINCT ON(""company_name"".""id"") ""company_name"".""name_pcode_sf"" FROM ""company_name"" LEFT JOIN ""movie_companies"" ON ""company_name"".""id"" = ""movie_companies"".""company_id"" LEFT JOIN ""company_type"" ON ""movie_companies"".""company_type_id"" = ""company_type"".""id"" LEFT JOIN ""title"" ON ""movie_companies"".""movie_id"" = ""title"".""id"" LEFT JOIN ""aka_title"" ON ""title"".""id"" = ""aka_title"".""movie_id"" LEFT JOIN ""movie_link"" ON ""title"".""id"" = ""movie_link"".""movie_id"" LEFT JOIN ""movie_info"" ON ""title"".""id"" = ""movie_info"".""movie_id"" LEFT JOIN ""complete_cast"" ON ""title"".""id"" = ""complete_cast"".""movie_id"" WHERE ""movie_info"".""info"" BETWEEN '$25,000' AND '€ 999,554 (Belgium) (25 March 2007)' AND ""movie_link"".""linked_movie_id"" BETWEEN 11104 AND 2524994 AND ""complete_cast"".""status_id"" BETWEEN 3 AND 4 AND ""company_name"".""name_pcode_nf"" BETWEEN 'A2121' AND 'Z6543' AND ""aka_title"".""episode_of_id"" BETWEEN 465 AND 25391 AND ""company_type"".""kind"" BETWEEN 'distributors' AND 'special effects companies' AND ""title"".""episode_nr"" BETWEEN 1 AND 91821 AND ""movie_companies"".""note"" BETWEEN '(1911) (USA) (theatrical)' AND 'co-production)';"
12c.sql,7,361317773,cast_info|company_name|company_type|kind_type|movie_companies|movie_keyword|movie_link|title,8,728fedaa,ok,"SELECT DISTINCT ON(""company_name"".""id"") ""company_name"".""name_pcode_nf"" FROM ""company_name"" LEFT JOIN ""movie_companies"" ON ""company_name"".""id"" = ""movie_companies"".""company_id"" LEFT JOIN ""company_type"" ON ""movie_companies"".""company_type_id"" = ""company_type"".""id"" LEFT JOIN ""title"" ON ""movie_companies"".""movie_id"" = ""title"".""id"" LEFT JOIN ""movie_keyword"" ON ""title"".""id"" = ""movie_keyword"".""movie_id"" LEFT JOIN ""kind_type"" ON ""title"".""kind_id"" = ""kind_type"".""id"" LEFT JOIN ""movie_link"" ON ""title"".""id"" = ""movie_link"".""movie_id"" LEFT JOIN ""cast_info"" ON ""title"".""id"" = ""cast_info"".""movie_id"" WHERE ""title"".""title"" BETWEEN '(#1.10964)' AND 'üç' AND ""movie_companies"".""note"" BETWEEN '(1911) (USA) (theatrical)' AND 'co-production)' AND ""kind_type"".""kind"" BETWEEN 'episode' AND 'video movie' AND ""company_type"".""kind"" BETWEEN 'distributors' AND 'special effects companies' AND ""movie_link"".""linked_movie_id"" BETWEEN 11104 AND 2524994 AND ""company_name"".""name_pcode_nf"" BETWEEN 'A2121' AND 'Z6543' AND ""cast_info"".""note"" BETWEEN '(advisor) (as Dan Carter)' AND '(épouse de Raymond)';"
13a.sql,8,361317787,cast_info|char_name|company_name|complete_cast|movie_companies|movie_info|movie_info_idx|movie_link|title,9,02e4b320,ok,"SELECT DISTINCT ON(""company_name"".""id"") ""company_name"".""id"" FROM ""company_name"" LEFT JOIN ""movie_companies"" ON ""company_name"".""id"" = ""movie_companies"".""company_id"" LEFT JOIN ""title"" ON ""movie_companies"".""movie_id"" = ""title"".""id"" LEFT JOIN ""movie_info_idx"" ON ""title"".""id"" = ""movie_info_idx"".""movie_id"" LEFT JOIN ""movie_link"" ON ""title"".""id"" = ""movie_link"".""movie_id"" LEFT JOIN ""cast_info"" ON ""title"".""id"" = ""cast_info"".""movie_id"" LEFT JOIN ""char_name"" ON ""cast_info"".""person_role_id"" = ""char_name"".""id"" LEFT JOIN ""complete_cast"" ON ""title"".""id"" = ""complete_cast"".""movie_id"" LEFT JOIN ""movie_info"" ON ""title"".""id"" = ""movie_info"".""movie_id"" WHERE ""movie_info"".""info"" BETWEEN '$25,000' AND '€ 999,554 (Belgium) (25 March 2007)' AND ""char_name"".""surname_pcode"" BETWEEN 'A2514' AND 'Z6562' AND ""movie_link"".""linked_movie_id"" BETWEEN 11104 AND 2524994 AND ""complete_cast"".""status_id"" BETWEEN 3 AND 4 AND ""company_name"".""name_pcode_nf"" BETWEEN 'A2121' AND 'Z6543' AND ""cast_info"".""nr_order"" BETWEEN 0 AND 1115798165 AND ""title"".""title"" BETWEEN '(#1.10964)' AND 'üç' AND ""movie_info_idx"".""info"" BETWEEN '.....23010' AND '9997' AND ""movie_companies"".""note"" BETWEEN '(1911) (USA) (theatrical)' AND 'co-production)';"
13b.sql,8,361317787,company_name|company_type|complete_cast|kind_type|movie_companies|movie_info|movie_keyword|movie_link|title,9,71d7ddfb,ok,"SELECT DISTINCT ON(""company_name"".""id"") ""company_name"".""country_code"" FROM ""company_name"" LEFT JOIN ""movie_companies"" ON ""company_name"".""id"" = ""movie_companies"".""company_id"" LEFT JOIN ""company_type"" ON ""movie_companies"".""company_type_id"" = ""company_type"".""id"" LEFT JOIN ""title"" ON ""movie_companies"".""movie_id"" = ""title"".""id"" LEFT JOIN ""movie_link"" ON ""title"".""id"" = ""movie_link"".""movie_id"" LEFT JOIN ""complete_cast"" ON ""title"".""id"" = ""complete_cast"".""movie_id"" LEFT JOIN ""movie_info"" ON ""title"".""id"" = ""movie_info"".""movie_id"" LEFT JOIN ""kind_type"" ON ""title"".""kind_id"" = ""kind_type"".""id"" LEFT JOIN ""movie_keyword"" ON ""title"".""id"" = ""movie_keyword"".""movie_id"" WHERE ""title"".""md5sum"" BETWEEN '0296d2b20235be36849d015e34d80f2c' AND 'fffffec1b13bc6af69f56864884364e4' AND ""movie_companies"".""note"" BETWEEN '(1911) (USA) (theatrical)' AND 'co-production)' AND ""complete_cast"".""status_id"" BETWEEN 3 AND 4 AND ""kind_type"".""kind"" BETWEEN 'episode' AND 'video movie' AND ""movie_info"".""info"" BETWEEN '$25,000' AND '€ 999,554 (Belgium) (25 March 2007)' AND ""company_type"".""kind"" BETWEEN 'distributors' AND 'special effects companies' AND ""movie_link"".""linked_movie_id"" BETWEEN 11104 AND 2524994 AND ""company_name"".""md5sum"" BETWEEN '0297e5ec22db809e0ff2b2ac09985ab9' AND 'ffff4e2362f22b10d3ac911e2f963b2a';"
13c.sql,8,361317787,cast_info|comp_cast_type|company_name|complete_cast|kind_type|movie_companies|movie_info_idx|movie_keyword|title,9,a1c0eae7,ok,"SELECT DISTINCT ON(""company_name"".""id"") ""company_name"".""name_pcode_sf"" FROM ""company_name"" LEFT JOIN ""movie_companies"" ON ""company_name"".""id"" = ""movie_companies"".""company_id"" LEFT JOIN ""title"" ON ""movie_companies"".""movie_id"" = ""title"".""id"" LEFT JOIN ""complete_cast"" ON ""title"".""id"" = ""complete_cast"".""movie_id"" LEFT JOIN ""movie_keyword"" ON ""title"".""id"" = ""movie_keyword"".""movie_id"" LEFT JOIN ""comp_cast_type"" ON ""complete_cast"".""subject_id"" = ""comp_cast_type"".""id"" LEFT JOIN ""movie_info_idx"" ON ""title"".""id"" = ""movie_info_idx"".""movie_id"" LEFT JOIN ""cast_info"" ON ""title"".""id"" = ""cast_info"".""movie_id"" LEFT JOIN ""kind_type"" ON ""title"".""kind_id"" = ""kind_type"".""id"" WHERE ""complete_cast"".""status_id"" BETWEEN 3 AND 4 AND ""company_name"".""name_pcode_nf"" BETWEEN 'A2121' AND 'Z6543' AND ""comp_cast_type"".""kind"" BETWEEN 'cast' AND 'crew' AND ""cast_info"".""nr_order"" BETWEEN 0 AND 1115798165 AND ""title"".""series_years"" BETWEEN '1991-????' AND '????' AND ""kind_type"".""kind"" BETWEEN 'episode' AND 'video movie' AND ""movie_info_idx"".""info"" BETWEEN '.....23010' AND '9997' AND ""movie_companies"".""note"" BETWEEN '(1911) (USA) (theatrical)' AND 'co-production)';"
13d.sql,8,361317787,cast_info|char_name|company_name|keyword|kind_type|movie_companies|movie_info|movie_keyword|title,9,ac5236e5,ok,"SELECT DISTINCT ON(""company_name"".""id"") ""company_name"".""name"" FROM ""company_name"" LEFT JOIN ""movie_companies"" ON ""company_name"".""id"" = ""movie_companies"".""company_id"" LEFT JOIN ""title"" ON ""movie_companies"".""movie_id"" = ""title"".""id"" LEFT JOIN ""cast_info"" ON ""title"".""id"" = ""cast_info"".""movie_id"" LEFT JOIN ""movie_keyword"" ON ""title"".""id"" = ""movie_keyword"".""movie_id"" LEFT JOIN ""keyword"" ON ""movie_keyword"".""keyword_id"" = ""keyword"".""id"" LEFT JOIN ""movie_info"" ON ""title"".""id"" = ""movie_info"".""movie_id"" LEFT JOIN ""char_name"" ON ""cast_info"".""person_role_id"" = ""char_name"".""id"" LEFT JOIN ""kind_type"" ON ""title"".""kind_id"" = ""kind_type"".""id"" WHERE ""title"".""title"" BETWEEN '(#1.10964)' AND 'üç' AND ""movie_companies"".""note"" BETWEEN '(1911) (USA) (theatrical)' AND 'co-production)' AND ""kind_type"".""kind"" BETWEEN 'episode' AND 'video movie' AND ""movie_info"".""info"" BETWEEN '$25,000' AND '€ 999,554 (Belgium) (25 March 2007)' AND ""keyword"".""keyword"" BETWEEN 'acidosis' AND 'øresund' AND ""char_name"".""name_pcode_nf"" BETWEEN 'A252' AND 'Z6565' AND ""company_name"".""country_code"" BETWEEN '[at]' AND '[zw]' AND ""cast_info"".""note"" BETWEEN '(advisor) (as Dan Carter)' AND '(épouse de Raymond)';"
14a.sql,7,352739927,complete_cast|info_type|movie_companies|movie_info|movie_info_idx|movie_link|person_info|title,8,7020a651,ok,"SELECT DISTINCT ON(""info_type"".""id"") ""info_type"".""id"" FROM ""info_type"" LEFT JOIN ""person_info"" ON ""info_type"".""id"" = ""person_info"".""info_type_id"" LEFT JOIN ""movie_info_idx"" ON ""info_type"".""id"" = ""movie_info_idx"".""info_type_id"" LEFT JOIN ""movie_info"" ON ""info_type"".""id"" = ""movie_info"".""info_type_id"" LEFT JOIN ""title"" ON ""movie_info"".""movie_id"" = ""title"".""id"" LEFT JOIN ""movie_link"" ON ""title"".""id"" = ""movie_link"".""movie_id"" LEFT JOIN ""complete_cast"" ON ""title"".""id"" = ""complete_cast"".""movie_id"" LEFT JOIN ""movie_companies"" ON ""title"".""id"" = ""movie_companies"".""movie_id"" WHERE ""movie_info"".""note"" BETWEEN '(Berlin International Film Festival)' AND 'ôtre k''ôtre' AND ""movie_link"".""linked_movie_id"" BETWEEN 11104 AND 2524994 AND ""complete_cast"".""status_id"" BETWEEN 3 AND 4 AND ""info_type"".""info"" BETWEEN 'LD additional information' AND 'where now' AND ""title"".""season_nr"" BETWEEN 1 AND 2013 AND ""person_info"".""info"" BETWEEN '""Celebrity Sleuth"" (USA), 2004, Iss. 35' AND 'Þórsson, Sindri Eldon' AND ""movie_info_idx"".""info"" BETWEEN '.....23010' AND '9997' AND ""movie_companies"".""note"" BETWEEN '(1911) (USA) (theatrical)' AND 'co-production)';"
14b.sql,7,352739927,info_type|link_type|movie_info|movie_info_idx|movie_link|name|person_info|title,8,67bd5a50,ok,"SELECT DISTINCT ON(""info_type"".""id"") ""info_type"".""info"" FROM ""info_type"" LEFT JOIN ""person_info"" ON ""info_type"".""id"" = ""person_info"".""info_type_id"" LEFT JOIN ""name"" ON ""person_info"".""person_id"" = ""name"".""id"" LEFT JOIN ""movie_info_idx"" ON ""info_type"".""id"" = ""movie_info_idx"".""info_type_id"" LEFT JOIN ""movie_info"" ON ""info_type"".""id"" = ""movie_info"".""info_type_id"" LEFT JOIN ""title"" ON ""movie_info"".""movie_id"" = ""title"".""id"" LEFT JOIN ""movie_link"" ON ""title"".""id"" = ""movie_link"".""movie_id"" LEFT JOIN ""link_type"" ON ""movie_link"".""link_type_id"" = ""link_type"".""id"" WHERE ""title"".""series_years"" BETWEEN '1991-????' AND '????' AND ""movie_info_idx"".""info"" BETWEEN '.....23010' AND '9997' AND ""info_type"".""info"" BETWEEN 'LD additional information' AND 'where now' AND ""link_type"".""link"" BETWEEN 'alternate language version of' AND 'version of' AND ""movie_info"".""note"" BETWEEN '(Berlin International Film Festival)' AND 'ôtre k''ôtre' AND ""person_info"".""note"" BETWEEN 'Gary Brumburgh / gr-home@pacbell.net' AND 'Ünsal Babayigit' AND ""name"".""surname_pcode"" BETWEEN 'A32' AND 'Z656' AND ""movie_link"".""linked_movie_id"" BETWEEN 11104 AND 2524994;"
14c.sql,7,352739927,aka_name|cast_info|info_type|movie_info|movie_info_idx|name|person_info|role_type,8,063b8f21,ok,"SELECT DISTINCT ON(""info_type"".""id"") ""info_type"".""id"" FROM ""info_type"" LEFT JOIN ""person_info"" ON ""info_type"".""id"" = ""person_info"".""info_type_id"" LEFT JOIN ""movie_info"" ON ""info_type"".""id"" = ""movie_info"".""info_type_id"" LEFT JOIN ""movie_info_idx"" ON ""info_type"".""id"" = ""movie_info_idx"".""info_type_id"" LEFT JOIN ""name"" ON ""person_info"".""person_id"" = ""name"".""id"" LEFT JOIN ""aka_name"" ON ""name"".""id"" = ""aka_name"".""person_id"" LEFT JOIN ""cast_info"" ON ""name"".""id"" = ""cast_info"".""person_id"" LEFT JOIN ""role_type"" ON ""cast_info"".""role_id"" = ""role_type"".""id"" WHERE ""movie_info"".""info"" BETWEEN '$25,000' AND '€ 999,554 (Belgium) (25 March 2007)' AND ""aka_name"".""imdb_index"" BETWEEN 'IV' AND 'IV' AND ""info_type"".""info"" BETWEEN 'LD additional information' AND 'where now' AND ""cast_info"".""note"" BETWEEN '(advisor) (as Dan Carter)' AND '(épouse de Raymond)' AND ""role_type"".""role"" BETWEEN 'actor' AND 'writer' AND ""person_info"".""note"" BETWEEN 'Gary Brumburgh / gr-home@pacbell.net' AND 'Ünsal Babayigit' AND ""name"".""imdb_index"" BETWEEN 'I' AND 'XXXVIII' AND ""movie_info_idx"".""info"" BETWEEN '.....23010' AND '9997';"
15a.sql,8,370344723,aka_title|cast_info|keyword|kind_type|movie_info_idx|movie_keyword|name|role_type|title,9,624b7da1,ok,"SELECT DISTINCT ON(""aka_title"".""id"") ""aka_title"".""episode_nr"" FROM ""aka_title"" LEFT JOIN ""title"" ON ""aka_title"".""movie_id"" = ""title"".""id"" LEFT JOIN ""movie_info_idx"" ON ""title"".""id"" = ""movie_info_idx"".""movie_id"" LEFT JOIN ""cast_info"" ON ""title"".""id"" = ""cast_info"".""movie_id"" LEFT JOIN ""name"" ON ""cast_info"".""person_id"" = ""name"".""id"" LEFT JOIN ""movie_keyword"" ON ""title"".""id"" = ""movie_keyword"".""movie_id"" LEFT JOIN ""keyword"" ON ""movie_keyword"".""keyword_id"" = ""keyword"".""id"" LEFT JOIN ""role_type"" ON ""cast_info"".""role_id"" = ""role_type"".""id"" LEFT JOIN ""kind_type"" ON ""aka_title"".""kind_id"" = ""kind_type"".""id"" WHERE ""title"".""episode_nr"" BETWEEN 1 AND 91821 AND ""movie_info_idx"".""info"" BETWEEN '.....23010' AND '9997' AND ""kind_type"".""kind"" BETWEEN 'episode' AND 'video movie' AND ""aka_title"".""production_year"" BETWEEN 1905 AND 2016 AND ""name"".""name"" BETWEEN 'Akhurst, Veronica' AND 'þórhallsson, Þórhallur' AND ""keyword"".""keyword"" BETWEEN 'acidosis' AND 'øresund' AND ""role_type"".""role"" BETWEEN 'actor' AND 'writer' AND ""cast_info"".""nr_order"" BETWEEN 0 AND 1115798165;"
15b.sql,8,370344723,aka_title|comp_cast_type|complete_cast|info_type|kind_type|movie_info_idx|movie_keyword|movie_link|title,9,6bbd283a,ok,"SELECT DISTINCT ON(""aka_title"".""id"") ""aka_title"".""kind_id"" FROM ""aka_title"" LEFT JOIN ""kind_type"" ON ""aka_title"".""kind_id"" = ""kind_type"".""id"" LEFT JOIN ""title"" ON ""kind_type"".""id"" = ""title"".""kind_id"" LEFT JOIN ""complete_cast"" ON ""title"".""id"" = ""complete_cast"".""movie_id"" LEFT JOIN ""movie_link"" ON ""title"".""id"" = ""movie_link"".""movie_id"" LEFT JOIN ""comp_cast_type"" ON ""complete_cast"".""subject_id"" = ""comp_cast_type"".""id"" LEFT JOIN ""movie_keyword"" ON ""title"".""id"" = ""movie_keyword"".""movie_id"" LEFT JOIN ""movie_info_idx"" ON ""title"".""id"" = ""movie_info_idx"".""movie_id"" LEFT JOIN ""info_type"" ON ""movie_info_idx"".""info_type_id"" = ""info_type"".""id"" WHERE ""complete_cast"".""status_id"" BETWEEN 3 AND 4 AND ""movie_link"".""linked_movie_id"" BETWEEN 11104 AND 2524994 AND ""aka_title"".""episode_nr"" BETWEEN 1 AND 4315 AND ""comp_cast_type"".""kind"" BETWEEN 'cast' AND 'crew' AND ""info_type"".""info"" BETWEEN 'LD additional information' AND 'where now' AND ""title"".""phonetic_code"" BETWEEN 'A2352' AND 'Z6565' AND ""kind_type"".""kind"" BETWEEN 'episode' AND 'video movie' AND ""movie_info_idx"".""info"" BETWEEN '.....23010' AND '9997';"
15c.sql,8,370344723,aka_title|cast_info|company_name|complete_cast|movie_companies|movie_info|movie_keyword|movie_link|title,9,6a63c16d,ok,"SELECT DISTINCT ON(""aka_title"".""id"") ""aka_title"".""phonetic_code"" FROM ""aka_title"" LEFT JOIN ""title"" ON ""aka_title"".""movie_id"" = ""title"".""id"" LEFT JOIN ""movie_info"" ON ""title"".""id"" = ""movie_info"".""movie_id"" LEFT JOIN ""movie_link"" ON ""title"".""id"" = ""movie_link"".""movie_id"" LEFT JOIN ""movie_companies"" ON ""title"".""id"" = ""movie_companies"".""movie_id"" LEFT JOIN ""complete_cast"" ON ""title"".""id"" = ""complete_cast"".""movie_id"" LEFT JOIN ""company_name"" ON ""movie_companies"".""company_id"" = ""company_name"".""id"" LEFT JOIN ""cast_info"" ON ""title"".""id"" = ""cast_info"".""movie_id"" LEFT JOIN ""movie_keyword"" ON ""title"".""id"" = ""movie_keyword"".""movie_id"" WHERE ""title"".""episode_of_id"" BETWEEN 15711 AND 2528186 AND ""movie_companies"".""note"" BETWEEN '(1911) (USA) (theatrical)' AND 'co-production)' AND ""movie_info"".""note"" BETWEEN '(Berlin International Film Festival)' AND 'ôtre k''ôtre' AND ""aka_title"".""episode_nr"" BETWEEN 1 AND 4315 AND ""company_name"".""md5sum"" BETWEEN '0297e5ec22db809e0ff2b2ac09985ab9' AND 'ffff4e2362f22b10d3ac911e2f963b2a' AND ""movie_link"".""linked_movie_id"" BETWEEN 11104 AND 2524994 AND ""complete_cast"".""status_id"" BETWEEN 3 AND 4 AND ""cast_info"".""nr_order"" BETWEEN 0 AND 1115798165;"
15d.sql,8,370344723,aka_title|cast_info|company_type|info_type|kind_type|movie_companies|movie_info|movie_keyword|title,9,c78e3294,ok,"SELECT DISTINCT ON(""aka_title"".""id"") ""aka_title"".""md5sum"" FROM ""aka_title"" LEFT JOIN ""title"" ON ""aka_title"".""movie_id"" = ""title"".""id"" LEFT JOIN ""movie_companies"" ON ""title"".""id"" = ""movie_companies"".""movie_id"" LEFT JOIN ""movie_keyword"" ON ""title"".""id"" = ""movie_keyword"".""movie_id"" LEFT JOIN ""movie_info"" ON ""title"".""id"" = ""movie_info"".""movie_id"" LEFT JOIN ""info_type"" ON ""movie_info"".""info_type_id"" = ""info_type"".""id"" LEFT JOIN ""cast_info"" ON ""title"".""id"" = ""cast_info"".""movie_id"" LEFT JOIN ""company_type"" ON ""movie_companies"".""company_type_id"" = ""company_type"".""id"" LEFT JOIN ""kind_type"" ON ""aka_title"".""kind_id"" = ""kind_type"".""id"" WHERE ""movie_info"".""note"" BETWEEN '(Berlin International Film Festival)' AND 'ôtre k''ôtre' AND ""aka_title"".""season_nr"" BETWEEN 1 AND 63 AND ""info_type"".""info"" BETWEEN 'LD additional information' AND 'where now' AND ""cast_info"".""nr_order"" BETWEEN 0 AND 1115798165 AND ""company_type"".""kind"" BETWEEN 'distributors' AND 'special effects companies' AND ""title"".""production_year"" BETWEEN 1910 AND 2019 AND ""kind_type"".""kind"" BETWEEN 'episode' AND 'video movie' AND ""movie_companies"".""note"" BETWEEN '(1911) (USA) (theatrical)' AND 'co-production)';"
16a.sql,7,342332477,aka_name|cast_info|info_type|movie_info|movie_info_idx|name|person_info|role_type,8,cab4ac7e,ok,"SELECT DISTINCT ON(""aka_name"".""id"") ""aka_name"".""surname_pcode"" FROM ""aka_name"" LEFT JOIN ""name"" ON ""aka_name"".""person_id"" = ""name"".""id"" LEFT JOIN ""person_info"" ON ""name"".""id"" = ""person_info"".""person_id"" LEFT JOIN ""cast_info"" ON ""name"".""id"" = ""cast_info"".""person_id"" LEFT JOIN ""role_type"" ON ""cast_info"".""role_id"" = ""role_type"".""id"" LEFT JOIN ""info_type"" ON ""person_info"".""info_type_id"" = ""info_type"".""id"" LEFT JOIN ""movie_info_idx"" ON ""info_type"".""id"" = ""movie_info_idx"".""info_type_id"" LEFT JOIN ""movie_info"" ON ""info_type"".""id"" = ""movie_info"".""info_type_id"" WHERE ""info_type"".""info"" BETWEEN 'LD additional information' AND 'where now' AND ""movie_info_idx"".""info"" BETWEEN '.....23010' AND '9997' AND ""movie_info"".""note"" BETWEEN '(Berlin International Film Festival)' AND 'ôtre k''ôtre' AND ""person_info"".""note"" BETWEEN 'Gary Brumburgh / gr-home@pacbell.net' AND 'Ünsal Babayigit' AND ""name"".""gender"" BETWEEN 'f' AND 'm' AND ""role_type"".""role"" BETWEEN 'actor' AND 'writer' AND ""aka_name"".""name"" BETWEEN 'Afzelius, Kick' AND 'üNal, Emre' AND ""cast_info"".""nr_order"" BETWEEN 0 AND 1115798165;"
16b.sql,7,342332477,aka_name|aka_title|cast_info|movie_info_idx|name|person_info|role_type|title,8,2ba69e37,ok,"SELECT DISTINCT ON(""aka_name"".""id"") ""aka_name"".""name_pcode_cf"" FROM ""aka_name"" LEFT JOIN ""name"" ON ""aka_name"".""person_id"" = ""name"".""id"" LEFT JOIN ""person_info"" ON ""name"".""id"" = ""person_info"".""person_id"" LEFT JOIN ""cast_info"" ON ""name"".""id"" = ""cast_info"".""person_id"" LEFT JOIN ""role_type"" ON ""cast_info"".""role_id"" = ""role_type"".""id"" LEFT JOIN ""title"" ON ""cast_info"".""movie_id"" = ""title"".""id"" LEFT JOIN ""aka_title"" ON ""title"".""id"" = ""aka_title"".""movie_id"" LEFT JOIN ""movie_info_idx"" ON ""title"".""id"" = ""movie_info_idx"".""movie_id"" WHERE ""aka_name"".""surname_pcode"" BETWEEN 'A362' AND 'Z656' AND ""aka_title"".""note"" BETWEEN '(Australia) (rerun title)' AND '(working ttitle)' AND ""cast_info"".""nr_order"" BETWEEN 0 AND 1115798165 AND ""role_type"".""role"" BETWEEN 'actor' AND 'writer' AND ""title"".""episode_of_id"" BETWEEN 15711 AND 2528186 AND ""person_info"".""info"" BETWEEN '""Celebrity Sleuth"" (USA), 2004, Iss. 35' AND 'Þórsson, Sindri Eldon' AND ""name"".""md5sum"" BETWEEN '028f683477b8a4c79a33ff63cdc44581' AND 'fffff98a09c03b80a33d5f7ebc83006e' AND ""movie_info_idx"".""info"" BETWEEN '.....23010' AND '9997';"
16c.sql,7,342332477,aka_name|cast_info|char_name|info_type|movie_info|name|role_type|title,8,41639d69,ok,"SELECT DISTINCT ON(""aka_name"".""id"") ""aka_name"".""person_id"" FROM ""aka_name"" LEFT JOIN ""name"" ON ""aka_name"".""person_id"" = ""name"".""id"" LEFT JOIN ""cast_info"" ON ""name"".""id"" = ""cast_info"".""person_id"" LEFT JOIN ""char_name"" ON ""cast_info"".""person_role_id"" = ""char_name"".""id"" LEFT JOIN ""role_type"" ON ""cast_info"".""role_id"" = ""role_type"".""id"" LEFT JOIN ""title"" ON ""cast_info"".""movie_id"" = ""title"".""id"" LEFT JOIN ""movie_info"" ON ""title"".""id"" = ""movie_info"".""movie_id"" LEFT JOIN ""info_type"" ON ""movie_info"".""info_type_id"" = ""info_type"".""id"" WHERE ""title"".""production_year"" BETWEEN 1910 AND 2019 AND ""info_type"".""info"" BETWEEN 'LD additional information' AND 'where now' AND ""movie_info"".""info"" BETWEEN '$25,000' AND '€ 999,554 (Belgium) (25 March 2007)' AND ""name"".""name_pcode_nf"" BETWEEN 'A2621' AND 'Z6565' AND ""char_name"".""name"" BETWEEN 'Abe Tyson' AND 'üzletember' AND ""role_type"".""role"" BETWEEN 'actor' AND 'writer' AND ""aka_name"".""surname_pcode"" BETWEEN 'A362' AND 'Z656' AND ""cast_info"".""nr_order"" BETWEEN 0 AND 1115798165;"
16d.sql,7,342332477,aka_name|cast_info|char_name|info_type|movie_link|name|person_info|title,8,411133bf,ok,"SELECT DISTINCT ON(""aka_name"".""id"") ""aka_name"".""md5sum"" FROM ""aka_name"" LEFT JOIN ""name"" ON ""aka_name"".""person_id"" = ""name"".""id"" LEFT JOIN ""person_info"" ON ""name"".""id"" = ""person_info"".""person_id"" LEFT JOIN ""cast_info"" ON ""name"".""id"" = ""cast_info"".""person_id"" LEFT JOIN ""char_name"" ON ""cast_info"".""person_role_id"" = ""char_name"".""id"" LEFT JOIN ""info_type"" ON ""person_info"".""info_type_id"" = ""info_type"".""id"" LEFT JOIN ""title"" ON ""cast_info"".""movie_id"" = ""title"".""id"" LEFT JOIN ""movie_link"" ON ""title"".""id"" = ""movie_link"".""movie_id"" WHERE ""char_name"".""name"" BETWEEN 'Abe Tyson' AND 'üzletember' AND ""movie_link"".""linked_movie_id"" BETWEEN 11104 AND 2524994 AND ""aka_name"".""surname_pcode"" BETWEEN 'A362' AND 'Z656' AND ""info_type"".""info"" BETWEEN 'LD additional information' AND 'where now' AND ""cast_info"".""nr_order"" BETWEEN 0 AND 1115798165 AND ""title"".""md5sum"" BETWEEN '0296d2b20235be36849d015e34d80f2c' AND 'fffffec1b13bc6af69f56864884364e4' AND ""person_info"".""note"" BETWEEN 'Gary Brumburgh / gr-home@pacbell.net' AND 'Ünsal Babayigit' AND ""name"".""gender"" BETWEEN 'f' AND 'm';"
17a.sql,6,331516361,cast_info|char_name|movie_keyword|name|person_info|role_type|title,7,ee1d91b1,ok,"SELECT DISTINCT ON(""cast_info"".""id"") ""cast_info"".""movie_id"" FROM ""cast_info"" LEFT JOIN ""char_name"" ON ""cast_info"".""person_role_id"" = ""char_name"".""id"" LEFT JOIN ""name"" ON ""cast_info"".""person_id"" = ""name"".""id"" LEFT JOIN ""person_info"" ON ""name"".""id"" = ""person_info"".""person_id"" LEFT JOIN ""role_type"" ON ""cast_info"".""role_id"" = ""role_type"".""id"" LEFT JOIN ""title"" ON ""cast_info"".""movie_id"" = ""title"".""id"" LEFT JOIN ""movie_keyword"" ON ""title"".""id"" = ""movie_keyword"".""movie_id"" WHERE ""title"".""phonetic_code"" BETWEEN 'A2352' AND 'Z6565' AND ""person_info"".""note"" BETWEEN 'Gary Brumburgh / gr-home@pacbell.net' AND 'Ünsal Babayigit' AND ""role_type"".""role"" BETWEEN 'actor' AND 'writer' AND ""name"".""name"" BETWEEN 'Akhurst, Veronica' AND 'þórhallsson, Þórhallur' AND ""char_name"".""name"" BETWEEN 'Abe Tyson' AND 'üzletember' AND ""cast_info"".""note"" BETWEEN '(advisor) (as Dan Carter)' AND '(épouse de Raymond)';"
17b.sql,6,331516361,aka_name|cast_info|char_name|info_type|movie_info_idx|name|person_info,7,80f5e33b,ok,"SELECT DISTINCT ON(""cast_info"".""id"") ""cast_info"".""movie_id"" FROM ""cast_info"" LEFT JOIN ""name"" ON ""cast_info"".""person_id"" = ""name"".""id"" LEFT JOIN ""person_info"" ON ""name"".""id"" = ""person_info"".""person_id"" LEFT JOIN ""char_name"" ON ""cast_info"".""person_role_id"" = ""char_name"".""id"" LEFT JOIN ""info_type"" ON ""person_info"".""info_type_id"" = ""info_type"".""id"" LEFT JOIN ""aka_name"" ON ""name"".""id"" = ""aka_name"".""person_id"" LEFT JOIN ""movie_info_idx"" ON ""info_type"".""id"" = ""movie_info_idx"".""info_type_id"" WHERE ""char_name"".""name"" BETWEEN 'Abe Tyson' AND 'üzletember' AND ""aka_name"".""name"" BETWEEN 'Afzelius, Kick' AND 'üNal, Emre' AND ""info_type"".""info"" BETWEEN 'LD additional information' AND 'where now' AND ""cast_info"".""nr_order"" BETWEEN 0 AND 1115798165 AND ""person_info"".""note"" BETWEEN 'Gary Brumburgh / gr-home@pacbell.net' AND 'Ünsal Babayigit' AND ""name"".""name"" BETWEEN 'Akhurst, Veronica' AND 'þórhallsson, Þórhallur' AND ""movie_info_idx"".""info"" BETWEEN '.....23010' AND '9997';"
17c.sql,6,331516361,cast_info|char_name|info_type|link_type|movie_info_idx|movie_link|title,7,ac007e4b,ok,"SELECT DISTINCT ON(""cast_info"".""id"") ""cast_info"".""note"" FROM ""cast_info"" LEFT JOIN ""char_name"" ON ""cast_info"".""person_role_id"" = ""char_name"".""id"" LEFT JOIN ""title"" ON ""cast_info"".""movie_id"" = ""title"".""id"" LEFT JOIN ""movie_link"" ON ""title"".""id"" = ""movie_link"".""movie_id"" LEFT JOIN ""movie_info_idx"" ON ""title"".""id"" = ""movie_info_idx"".""movie_id"" LEFT JOIN ""link_type"" ON ""movie_link"".""link_type_id"" = ""link_type"".""id"" LEFT JOIN ""info_type"" ON ""movie_info_idx"".""info_type_id"" = ""info_type"".""id"" WHERE ""title"".""imdb_index"" BETWEEN 'IV' AND 'XXIV' AND ""movie_info_idx"".""info"" BETWEEN '.....23010' AND '9997' AND ""link_type"".""link"" BETWEEN 'alternate language version of' AND 'version of' AND ""info_type"".""info"" BETWEEN 'LD additional information' AND 'where now' AND ""char_name"".""name"" BETWEEN 'Abe Tyson' AND 'üzletember' AND ""movie_link"".""linked_movie_id"" BETWEEN 11104 AND 2524994 AND ""cast_info"".""nr_order"" BETWEEN 0 AND 1115798165;"
17d.sql,6,331516361,cast_info|char_name|complete_cast|kind_type|movie_companies|role_type|title,7,79936068,ok,"SELECT DISTINCT ON(""cast_info"".""id"") ""cast_info"".""nr_order"" FROM ""cast_info"" LEFT JOIN ""role_type"" ON ""cast_info"".""role_id"" = ""role_type"".""id"" LEFT JOIN ""char_name"" ON ""cast_info"".""person_role_id"" = ""char_name"".""id"" LEFT JOIN ""title"" ON ""cast_info"".""movie_id"" = ""title"".""id"" LEFT JOIN ""kind_type"" ON ""title"".""kind_id"" = ""kind_type"".""id"" LEFT JOIN ""movie_companies"" ON ""title"".""id"" = ""movie_companies"".""movie_id"" LEFT JOIN ""complete_cast"" ON ""title"".""id"" = ""complete_cast"".""movie_id"" WHERE ""char_name"".""imdb_index"" BETWEEN 'M' AND 'M' AND ""complete_cast"".""status_id"" BETWEEN 3 AND 4 AND ""role_type"".""role"" BETWEEN 'actor' AND 'writer' AND ""cast_info"".""nr_order"" BETWEEN 0 AND 1115798165 AND ""title"".""md5sum"" BETWEEN '0296d2b20235be36849d015e34d80f2c' AND 'fffffec1b13bc6af69f56864884364e4' AND ""kind_type"".""kind"" BETWEEN 'episode' AND 'video movie' AND ""movie_companies"".""note"" BETWEEN '(1911) (USA) (theatrical)' AND 'co-production)';"
17e.sql,6,331516361,aka_name|cast_info|char_name|kind_type|name|role_type|title,7,9da82724,ok,"SELECT DISTINCT ON(""cast_info"".""id"") ""cast_info"".""note"" FROM ""cast_info"" LEFT JOIN ""char_name"" ON ""cast_info"".""person_role_id"" = ""char_name"".""id"" LEFT JOIN ""role_type"" ON ""cast_info"".""role_id"" = ""role_type"".""id"" LEFT JOIN ""name"" ON ""cast_info"".""person_id"" = ""name"".""id"" LEFT JOIN ""title"" ON ""cast_info"".""movie_id"" = ""title"".""id"" LEFT JOIN ""kind_type"" ON ""title"".""kind_id"" = ""kind_type"".""id"" LEFT JOIN ""aka_name"" ON ""name"".""id"" = ""aka_name"".""person_id"" WHERE ""title"".""episode_nr"" BETWEEN 1 AND 91821 AND ""kind_type"".""kind"" BETWEEN 'episode' AND 'video movie' AND ""name"".""name"" BETWEEN 'Akhurst, Veronica' AND 'þórhallsson, Þórhallur' AND ""char_name"".""imdb_index"" BETWEEN 'M' AND 'M' AND ""role_type"".""role"" BETWEEN 'actor' AND 'writer' AND ""aka_name"".""md5sum"" BETWEEN '0292cac958e7ccf97eb657f38ec21ee0' AND 'ffffe722e6e7c1a8ba1f66032fef9762' AND ""cast_info"".""note"" BETWEEN '(advisor) (as Dan Carter)' AND '(épouse de Raymond)';"
17f.sql,6,331516361,aka_name|cast_info|char_name|name|person_info|role_type|title,7,a5cca136,ok,"SELECT DISTINCT ON(""cast_info"".""id"") ""cast_info"".""role_id"" FROM ""cast_info"" LEFT JOIN ""name"" ON ""cast_info"".""person_id"" = ""name"".""id"" LEFT JOIN ""char_name"" ON ""cast_info"".""person_role_id"" = ""char_name"".""id"" LEFT JOIN ""role_type"" ON ""cast_info"".""role_id"" = ""role_type"".""id"" LEFT JOIN ""aka_name"" ON ""name"".""id"" = ""aka_name"".""person_id"" LEFT JOIN ""person_info"" ON ""name"".""id"" = ""person_info"".""person_id"" LEFT JOIN ""title"" ON ""cast_info"".""movie_id"" = ""title"".""id"" WHERE ""char_name"".""md5sum"" BETWEEN '02915d50d5e08da33b86102ae812b444' AND 'fffffa526fd5c372942d57a412a9a4fe' AND ""aka_name"".""name"" BETWEEN 'Afzelius, Kick' AND 'üNal, Emre' AND ""role_type"".""role"" BETWEEN 'actor' AND 'writer' AND ""cast_info"".""nr_order"" BETWEEN 0 AND 1115798165 AND ""title"".""series_years"" BETWEEN '1991-????' AND '????' AND ""person_info"".""note"" BETWEEN 'Gary Brumburgh / gr-home@pacbell.net' AND 'Ünsal Babayigit' AND ""name"".""name_pcode_cf"" BETWEEN 'A2526' AND 'Z6565';"
18a.sql,6,601403228,cast_info|char_name|kind_type|movie_companies|movie_info|role_type|title,7,18db07d4,ok,"SELECT DISTINCT ON(""cast_info"".""id"") ""cast_info"".""movie_id"" FROM ""cast_info"" LEFT JOIN ""role_type"" ON ""cast_info"".""role_id"" = ""role_type"".""id"" LEFT JOIN ""char_name"" ON ""cast_info"".""person_role_id"" = ""char_name"".""id"" LEFT JOIN ""title"" ON ""cast_info"".""movie_id"" = ""title"".""id"" LEFT JOIN ""movie_info"" ON ""title"".""id"" = ""movie_info"".""movie_id"" LEFT JOIN ""movie_companies"" ON ""title"".""id"" = ""movie_companies"".""movie_id"" LEFT JOIN ""kind_type"" ON ""title"".""kind_id"" = ""kind_type"".""id"" WHERE ""title"".""season_nr"" BETWEEN 1 AND 2013 AND ""movie_companies"".""note"" BETWEEN '(1911) (USA) (theatrical)' AND 'co-production)' AND ""kind_type"".""kind"" BETWEEN 'episode' AND 'video movie' AND ""movie_info"".""info"" BETWEEN '$25,000' AND '€ 999,554 (Belgium) (25 March 2007)' AND ""role_type"".""role"" BETWEEN 'actor' AND 'writer' AND ""char_name"".""name"" BETWEEN 'Abe Tyson' AND 'üzletember' AND ""cast_info"".""note"" BETWEEN '(advisor) (as Dan Carter)' AND '(épouse de Raymond)';"
18b.sql,6,601403228,cast_info|char_name|movie_companies|movie_info|movie_link|role_type|title,7,55deab1e,ok,"SELECT DISTINCT ON(""cast_info"".""id"") ""cast_info"".""note"" FROM ""cast_info"" LEFT JOIN ""role_type"" ON ""cast_info"".""role_id"" = ""role_type"".""id"" LEFT JOIN ""char_name"" ON ""cast_info"".""person_role_id"" = ""char_name"".""id"" LEFT JOIN ""title"" ON ""cast_info"".""movie_id"" = ""title"".""id"" LEFT JOIN ""movie_companies"" ON ""title"".""id"" = ""movie_companies"".""movie_id"" LEFT JOIN ""movie_link"" ON ""title"".""id"" = ""movie_link"".""movie_id"" LEFT JOIN ""movie_info"" ON ""title"".""id"" = ""movie_info"".""movie_id"" WHERE ""movie_info"".""info"" BETWEEN '$25,000' AND '€ 999,554 (Belgium) (25 March 2007)' AND ""char_name"".""md5sum"" BETWEEN '02915d50d5e08da33b86102ae812b444' AND 'fffffa526fd5c372942d57a412a9a4fe' AND ""movie_link"".""linked_movie_id"" BETWEEN 11104 AND 2524994 AND ""role_type"".""role"" BETWEEN 'actor' AND 'writer' AND ""cast_info"".""nr_order"" BETWEEN 0 AND 1115798165 AND ""title"".""md5sum"" BETWEEN '0296d2b20235be36849d015e34d80f2c' AND 'fffffec1b13bc6af69f56864884364e4' AND ""movie_companies"".""note"" BETWEEN '(1911) (USA) (theatrical)' AND 'co-production)';"
18c.sql,6,601403228,aka_name|cast_info|kind_type|movie_keyword|name|person_info|title,7,10c948e5,ok,"SELECT DISTINCT ON(""cast_info"".""id"") ""cast_info"".""id"" FROM ""cast_info"" LEFT JOIN ""name"" ON ""cast_info"".""person_id"" = ""name"".""id"" LEFT JOIN ""title"" ON ""cast_info"".""movie_id"" = ""title"".""id"" LEFT JOIN ""movie_keyword"" ON ""title"".""id"" = ""movie_keyword"".""movie_id"" LEFT JOIN ""aka_name"" ON ""name"".""id"" = ""aka_name"".""person_id"" LEFT JOIN ""person_info"" ON ""name"".""id"" = ""person_info"".""person_id"" LEFT JOIN ""kind_type"" ON ""title"".""kind_id"" = ""kind_type"".""id"" WHERE ""title"".""md5sum"" BETWEEN '0296d2b20235be36849d015e34d80f2c' AND 'fffffec1b13bc6af69f56864884364e4' AND ""kind_type"".""kind"" BETWEEN 'episode' AND 'video movie' AND ""person_info"".""info"" BETWEEN '""Celebrity Sleuth"" (USA), 2004, Iss. 35' AND 'Þórsson, Sindri Eldon' AND ""name"".""surname_pcode"" BETWEEN 'A32' AND 'Z656' AND ""aka_name"".""name_pcode_nf"" BETWEEN 'A3415' AND 'Z6565' AND ""cast_info"".""nr_order"" BETWEEN 0 AND 1115798165;"
19a.sql,9,655805480,aka_name|cast_info|char_name|info_type|movie_keyword|movie_link|name|person_info|role_type|title,10,8163f2ed,ok,"SELECT DISTINCT ON(""aka_name"".""id"") ""aka_name"".""name_pcode_cf"" FROM ""aka_name"" LEFT JOIN ""name"" ON ""aka_name"".""person_id"" = ""name"".""id"" LEFT JOIN ""person_info"" ON ""name"".""id"" = ""person_info"".""person_id"" LEFT JOIN ""cast_info"" ON ""name"".""id"" = ""cast_info"".""person_id"" LEFT JOIN ""info_type"" ON ""person_info"".""info_type_id"" = ""info_type"".""id"" LEFT JOIN ""role_type"" ON ""cast_info"".""role_id"" = ""role_type"".""id"" LEFT JOIN ""char_name"" ON ""cast_info"".""person_role_id"" = ""char_name"".""id"" LEFT JOIN ""title"" ON ""cast_info"".""movie_id"" = ""title"".""id"" LEFT JOIN ""movie_link"" ON ""title"".""id"" = ""movie_link"".""movie_id"" LEFT JOIN ""movie_keyword"" ON ""title"".""id"" = ""movie_keyword"".""movie_id"" WHERE ""char_name"".""imdb_index"" BETWEEN 'M' AND 'M' AND ""movie_link"".""linked_movie_id"" BETWEEN 11104 AND 2524994 AND ""aka_name"".""name_pcode_nf"" BETWEEN 'A3415' AND 'Z6565' AND ""info_type"".""info"" BETWEEN 'LD additional information' AND 'where now' AND ""cast_info"".""nr_order"" BETWEEN 0 AND 1115798165 AND ""role_type"".""role"" BETWEEN 'actor' AND 'writer' AND ""title"".""season_nr"" BETWEEN 1 AND 2013 AND ""person_info"".""info"" BETWEEN '""Celebrity Sleuth"" (USA), 2004, Iss. 35' AND 'Þórsson, Sindri Eldon' AND ""name"".""name_pcode_cf"" BETWEEN 'A2526' AND 'Z6565';"
19b.sql,9,655805480,aka_name|cast_info|info_type|keyword|movie_info_idx|movie_keyword|movie_link|name|person_info|title,10,af1dbaae,ok,"SELECT DISTINCT ON(""aka_name"".""id"") ""aka_name"".""md5sum"" FROM ""aka_name"" LEFT JOIN ""name"" ON ""aka_name"".""person_id"" = ""name"".""id"" LEFT JOIN ""person_info"" ON ""name"".""id"" = ""person_info"".""person_id"" LEFT JOIN ""cast_info"" ON ""name"".""id"" = ""cast_info"".""person_id"" LEFT JOIN ""title"" ON ""cast_info"".""movie_id"" = ""title"".""id"" LEFT JOIN ""movie_link"" ON ""title"".""id"" = ""movie_link"".""movie_id"" LEFT JOIN ""movie_keyword"" ON ""title"".""id"" = ""movie_keyword"".""movie_id"" LEFT JOIN ""keyword"" ON ""movie_keyword"".""keyword_id"" = ""keyword"".""id"" LEFT JOIN ""movie_info_idx"" ON ""title"".""id"" = ""movie_info_idx"".""movie_id"" LEFT JOIN ""info_type"" ON ""person_info"".""info_type_id"" = ""info_type"".""id"" WHERE ""title"".""production_year"" BETWEEN 1910 AND 2019 AND ""movie_info_idx"".""info"" BETWEEN '.....23010' AND '9997' AND ""info_type"".""info"" BETWEEN 'LD additional information' AND 'where now' AND ""person_info"".""note"" BETWEEN 'Gary Brumburgh / gr-home@pacbell.net' AND 'Ünsal Babayigit' AND ""name"".""name_pcode_nf"" BETWEEN 'A2621' AND 'Z6565' AND ""keyword"".""keyword"" BETWEEN 'acidosis' AND 'øresund' AND ""movie_link"".""linked_movie_id"" BETWEEN 11104 AND 2524994 AND ""aka_name"".""surname_pcode"" BETWEEN 'A362' AND 'Z656' AND ""cast_info"".""nr_order"" BETWEEN 0 AND 1115798165;"
19c.sql,9,655805480,aka_name|aka_title|cast_info|comp_cast_type|complete_cast|kind_type|movie_companies|movie_link|name|title,10,2567d14e,ok,"SELECT DISTINCT ON(""aka_name"".""id"") ""aka_name"".""name"" FROM ""aka_name"" LEFT JOIN ""name"" ON ""aka_name"".""person_id"" = ""name"".""id"" LEFT JOIN ""cast_info"" ON ""name"".""id"" = ""cast_info"".""person_id"" LEFT JOIN ""title"" ON ""cast_info"".""movie_id"" = ""title"".""id"" LEFT JOIN ""aka_title"" ON ""title"".""id"" = ""aka_title"".""movie_id"" LEFT JOIN ""movie_link"" ON ""title"".""id"" = ""movie_link"".""movie_id"" LEFT JOIN ""movie_companies"" ON ""title"".""id"" = ""movie_companies"".""movie_id"" LEFT JOIN ""complete_cast"" ON ""title"".""id"" = ""complete_cast"".""movie_id"" LEFT JOIN ""comp_cast_type"" ON ""complete_cast"".""subject_id"" = ""comp_cast_type"".""id"" LEFT JOIN ""kind_type"" ON ""aka_title"".""kind_id"" = ""kind_type"".""id"" WHERE ""movie_link"".""linked_movie_id"" BETWEEN 11104 AND 2524994 AND ""complete_cast"".""status_id"" BETWEEN 3 AND 4 AND ""aka_name"".""name_pcode_nf"" BETWEEN 'A3415' AND 'Z6565' AND ""aka_title"".""season_nr"" BETWEEN 1 AND 63 AND ""comp_cast_type"".""kind"" BETWEEN 'cast' AND 'crew' AND ""cast_info"".""note"" BETWEEN '(advisor) (as Dan Carter)' AND '(épouse de Raymond)' AND ""title"".""title"" BETWEEN '(#1.10964)' AND 'üç' AND ""kind_type"".""kind"" BETWEEN 'episode' AND 'video movie' AND ""name"".""gender"" BETWEEN 'f' AND 'm' AND ""movie_companies"".""note"" BETWEEN '(1911) (USA) (theatrical)' AND 'co-production)';"
19d.sql,9,655805480,aka_name|aka_title|cast_info|complete_cast|info_type|kind_type|movie_info_idx|name|person_info|title,10,191ef6a2,ok,"SELECT DISTINCT ON(""aka_name"".""id"") ""aka_name"".""id"" FROM ""aka_name"" LEFT JOIN ""name"" ON ""aka_name"".""person_id"" = ""name"".""id"" LEFT JOIN ""person_info"" ON ""name"".""id"" = ""person_info"".""person_id"" LEFT JOIN ""info_type"" ON ""person_info"".""info_type_id"" = ""info_type"".""id"" LEFT JOIN ""movie_info_idx"" ON ""info_type"".""id"" = ""movie_info_idx"".""info_type_id"" LEFT JOIN ""title"" ON ""movie_info_idx"".""movie_id"" = ""title"".""id"" LEFT JOIN ""aka_title"" ON ""title"".""id"" = ""aka_title"".""movie_id"" LEFT JOIN ""kind_type"" ON ""title"".""kind_id"" = ""kind_type"".""id"" LEFT JOIN ""cast_info"" ON ""title"".""id"" = ""cast_info"".""movie_id"" LEFT JOIN ""complete_cast"" ON ""title"".""id"" = ""complete_cast"".""movie_id"" WHERE ""title"".""production_year"" BETWEEN 1910 AND 2019 AND ""movie_info_idx"".""info"" BETWEEN '.....23010' AND '9997' AND ""info_type"".""info"" BETWEEN 'LD additional information' AND 'where now' AND ""complete_cast"".""status_id"" BETWEEN 3 AND 4 AND ""kind_type"".""kind"" BETWEEN 'episode' AND 'video movie' AND ""person_info"".""note"" BETWEEN 'Gary Brumburgh / gr-home@pacbell.net' AND 'Ünsal Babayigit' AND ""name"".""name_pcode_nf"" BETWEEN 'A2621' AND 'Z6565' AND ""aka_title"".""phonetic_code"" BETWEEN 'A1652' AND 'Z6564' AND ""aka_name"".""name"" BETWEEN 'Afzelius, Kick' AND 'üNal, Emre' AND ""cast_info"".""note"" BETWEEN '(advisor) (as Dan Carter)' AND '(épouse de Raymond)';"
1a.sql,4,62253403,company_type|movie_companies|movie_info|movie_info_idx|title,5,650c98f6,ok,"SELECT DISTINCT ON(""company_type"".""id"") ""company_type"".""id"" FROM ""company_type"" LEFT JOIN ""movie_companies"" ON ""company_type"".""id"" = ""movie_companies"".""company_type_id"" LEFT JOIN ""title"" ON ""movie_companies"".""movie_id"" = ""title"".""id"" LEFT JOIN ""movie_info"" ON ""title"".""id"" = ""movie_info"".""movie_id"" LEFT JOIN ""movie_info_idx"" ON ""title"".""id"" = ""movie_info_idx"".""movie_id"" WHERE ""movie_info"".""info"" BETWEEN '$25,000' AND '€ 999,554 (Belgium) (25 March 2007)' AND ""company_type"".""kind"" BETWEEN 'distributors' AND 'special effects companies' AND ""title"".""season_nr"" BETWEEN 1 AND 2013 AND ""movie_info_idx"".""info"" BETWEEN '.....23010' AND '9997' AND ""movie_companies"".""note"" BETWEEN '(1911) (USA) (theatrical)' AND 'co-production)';"
1b.sql,4,62253403,cast_info|company_name|company_type|movie_companies|title,5,c8039bf1,ok,"SELECT DISTINCT ON(""company_type"".""id"") ""company_type"".""id"" FROM ""company_type"" LEFT JOIN ""movie_companies"" ON ""company_type"".""id"" = ""movie_companies"".""company_type_id"" LEFT JOIN ""company_name"" ON ""movie_companies"".""company_id"" = ""company_name"".""id"" LEFT JOIN ""title"" ON ""movie_companies"".""movie_id"" = ""title"".""id"" LEFT JOIN ""cast_info"" ON ""title"".""id"" = ""cast_info"".""movie_id"" WHERE ""title"".""production_year"" BETWEEN 1910 AND 2019 AND ""movie_companies"".""note"" BETWEEN '(1911) (USA) (theatrical)' AND 'co-production)' AND ""company_type"".""kind"" BETWEEN 'distributors' AND 'special effects companies' AND ""company_name"".""name"" BETWEEN '6 {ft} 1 Productions' AND 'ö Filmproduktion' AND ""cast_info"".""note"" BETWEEN '(advisor) (as Dan Carter)' AND '(épouse de Raymond)';"
1c.sql,4,62253403,cast_info|company_type|movie_companies|movie_keyword|title,5,ba036d45,ok,"SELECT DISTINCT ON(""company_type"".""id"") ""company_type"".""kind"" FROM ""company_type"" LEFT JOIN ""movie_companies"" ON ""company_type"".""id"" = ""movie_companies"".""company_type_id"" LEFT JOIN ""title"" ON ""movie_companies"".""movie_id"" = ""title"".""id"" LEFT JOIN ""cast_info"" ON ""title"".""id"" = ""cast_info"".""movie_id"" LEFT JOIN ""movie_keyword"" ON ""title"".""id"" = ""movie_keyword"".""movie_id"" WHERE ""cast_info"".""note"" BETWEEN '(advisor) (as Dan Carter)' AND '(épouse de Raymond)' AND ""company_type"".""kind"" BETWEEN 'distributors' AND 'special effects companies' AND ""title"".""phonetic_code"" BETWEEN 'A2352' AND 'Z6565' AND ""movie_companies"".""note"" BETWEEN '(1911) (USA) (theatrical)' AND 'co-production)';"
1d.sql,4,62253403,company_type|complete_cast|movie_companies|movie_keyword|title,5,274aa0f5,ok,"SELECT DISTINCT ON(""company_type"".""id"") ""company_type"".""kind"" FROM ""company_type"" LEFT JOIN ""movie_companies"" ON ""company_type"".""id"" = ""movie_companies"".""company_type_id"" LEFT JOIN ""title"" ON ""movie_companies"".""movie_id"" = ""title"".""id"" LEFT JOIN ""movie_keyword"" ON ""title"".""id"" = ""movie_keyword"".""movie_id"" LEFT JOIN ""complete_cast"" ON ""title"".""id"" = ""complete_cast"".""movie_id"" WHERE ""title"".""production_year"" BETWEEN 1910 AND 2019 AND ""movie_companies"".""note"" BETWEEN '(1911) (USA) (theatrical)' AND 'co-production)' AND ""company_type"".""kind"" BETWEEN 'distributors' AND 'special effects companies' AND ""complete_cast"".""status_id"" BETWEEN 3 AND 4;"
20a.sql,9,340237115,aka_title|cast_info|comp_cast_type|complete_cast|kind_type|link_type|movie_companies|movie_keyword|movie_link|title,10,f2a74904,ok,"SELECT DISTINCT ON(""complete_cast"".""id"") ""complete_cast"".""subject_id"" FROM ""complete_cast"" LEFT JOIN ""comp_cast_type"" ON ""complete_cast"".""subject_id"" = ""comp_cast_type"".""id"" LEFT JOIN ""title"" ON ""complete_cast"".""movie_id"" = ""title"".""id"" LEFT JOIN ""movie_companies"" ON ""title"".""id"" = ""movie_companies"".""movie_id"" LEFT JOIN ""kind_type"" ON ""title"".""kind_id"" = ""kind_type"".""id"" LEFT JOIN ""aka_title"" ON ""kind_type"".""id"" = ""aka_title"".""kind_id"" LEFT JOIN ""movie_link"" ON ""title"".""id"" = ""movie_link"".""movie_id"" LEFT JOIN ""link_type"" ON ""movie_link"".""link_type_id"" = ""link_type"".""id"" LEFT JOIN ""cast_info"" ON ""title"".""id"" = ""cast_info"".""movie_id"" LEFT JOIN ""movie_keyword"" ON ""title"".""id"" = ""movie_keyword"".""movie_id"" WHERE ""link_type"".""link"" BETWEEN 'alternate language version of' AND 'version of' AND ""complete_cast"".""status_id"" BETWEEN 3 AND 4 AND ""movie_link"".""linked_movie_id"" BETWEEN 11104 AND 2524994 AND ""title"".""series_years"" BETWEEN '1991-????' AND '????' AND ""aka_title"".""imdb_index"" BETWEEN 'XII' AND 'XII' AND ""cast_info"".""note"" BETWEEN '(advisor) (as Dan Carter)' AND '(épouse de Raymond)' AND ""comp_cast_type"".""kind"" BETWEEN 'cast' AND 'crew' AND ""kind_type"".""kind"" BETWEEN 'episode' AND 'video movie' AND ""movie_companies"".""note"" BETWEEN '(1911) (USA) (theatrical)' AND 'co-production)';"
20b.sql,9,340237115,cast_info|char_name|comp_cast_type|company_name|complete_cast|movie_companies|movie_info_idx|movie_keyword|role_type|title,10,43263296,ok,"SELECT DISTINCT ON(""complete_cast"".""id"") ""complete_cast"".""movie_id"" FROM ""complete_cast"" LEFT JOIN ""comp_cast_type"" ON ""complete_cast"".""subject_id"" = ""comp_cast_type"".""id"" LEFT JOIN ""title"" ON ""complete_cast"".""movie_id"" = ""title"".""id"" LEFT JOIN ""cast_info"" ON ""title"".""id"" = ""cast_info"".""movie_id"" LEFT JOIN ""movie_keyword"" ON ""title"".""id"" = ""movie_keyword"".""movie_id"" LEFT JOIN ""movie_companies"" ON ""title"".""id"" = ""movie_companies"".""movie_id"" LEFT JOIN ""company_name"" ON ""movie_companies"".""company_id"" = ""company_name"".""id"" LEFT JOIN ""role_type"" ON ""cast_info"".""role_id"" = ""role_type"".""id"" LEFT JOIN ""movie_info_idx"" ON ""title"".""id"" = ""movie_info_idx"".""movie_id"" LEFT JOIN ""char_name"" ON ""cast_info"".""person_role_id"" = ""char_name"".""id"" WHERE ""title"".""series_years"" BETWEEN '1991-????' AND '????' AND ""movie_info_idx"".""info"" BETWEEN '.....23010' AND '9997' AND ""movie_companies"".""note"" BETWEEN '(1911) (USA) (theatrical)' AND 'co-production)' AND ""comp_cast_type"".""kind"" BETWEEN 'cast' AND 'crew' AND ""role_type"".""role"" BETWEEN 'actor' AND 'writer' AND ""company_name"".""md5sum"" BETWEEN '0297e5ec22db809e0ff2b2ac09985ab9' AND 'ffff4e2362f22b10d3ac911e2f963b2a' AND ""char_name"".""name"" BETWEEN 'Abe Tyson' AND 'üzletember' AND ""complete_cast"".""status_id"" BETWEEN 3 AND 4 AND ""cast_info"".""note"" BETWEEN '(advisor) (as Dan Carter)' AND '(épouse de Raymond)';"
20c.sql,9,340237115,aka_title|cast_info|char_name|comp_cast_type|complete_cast|keyword|movie_info|movie_info_idx|movie_keyword|title,10,b9221dd2,ok,"SELECT DISTINCT ON(""complete_cast"".""id"") ""complete_cast"".""id"" FROM ""complete_cast"" LEFT JOIN ""comp_cast_type"" ON ""complete_cast"".""subject_id"" = ""comp_cast_type"".""id"" LEFT JOIN ""title"" ON ""complete_cast"".""movie_id"" = ""title"".""id"" LEFT JOIN ""movie_info_idx"" ON ""title"".""id"" = ""movie_info_idx"".""movie_id"" LEFT JOIN ""cast_info"" ON ""title"".""id"" = ""cast_info"".""movie_id"" LEFT JOIN ""char_name"" ON ""cast_info"".""person_role_id"" = ""char_name"".""id"" LEFT JOIN ""movie_keyword"" ON ""title"".""id"" = ""movie_keyword"".""movie_id"" LEFT JOIN ""aka_title"" ON ""title"".""id"" = ""aka_title"".""movie_id"" LEFT JOIN ""keyword"" ON ""movie_keyword"".""keyword_id"" = ""keyword"".""id"" LEFT JOIN ""movie_info"" ON ""title"".""id"" = ""movie_info"".""movie_id"" WHERE ""movie_info"".""info"" BETWEEN '$25,000' AND '€ 999,554 (Belgium) (25 March 2007)' AND ""char_name"".""md5sum"" BETWEEN '02915d50d5e08da33b86102ae812b444' AND 'fffffa526fd5c372942d57a412a9a4fe' AND ""complete_cast"".""status_id"" BETWEEN 3 AND 4 AND ""title"".""season_nr"" BETWEEN 1 AND 2013 AND ""keyword"".""keyword"" BETWEEN 'acidosis' AND 'øresund' AND ""aka_title"".""phonetic_code"" BETWEEN 'A1652' AND 'Z6564' AND ""cast_info"".""note"" BETWEEN '(advisor) (as Dan Carter)' AND '(épouse de Raymond)' AND ""comp_cast_type"".""kind"" BETWEEN 'cast' AND 'crew' AND ""movie_info_idx"".""info"" BETWEEN '.....23010' AND '9997';"
21a.sql,8,365042328,aka_title|cast_info|company_name|company_type|keyword|kind_type|movie_companies|movie_keyword|title,9,0996bb1a,ok,"SELECT DISTINCT ON(""company_name"".""id"") ""company_name"".""md5sum"" FROM ""company_name"" LEFT JOIN ""movie_companies"" ON ""company_name"".""id"" = ""movie_companies"".""company_id"" LEFT JOIN ""title"" ON ""movie_companies"".""movie_id"" = ""title"".""id"" LEFT JOIN ""movie_keyword"" ON ""title"".""id"" = ""movie_keyword"".""movie_id"" LEFT JOIN ""kind_type"" ON ""title"".""kind_id"" = ""kind_type"".""id"" LEFT JOIN ""aka_title"" ON ""kind_type"".""id"" = ""aka_title"".""kind_id"" LEFT JOIN ""keyword"" ON ""movie_keyword"".""keyword_id"" = ""keyword"".""id"" LEFT JOIN ""company_type"" ON ""movie_companies"".""company_type_id"" = ""company_type"".""id"" LEFT JOIN ""cast_info"" ON ""title"".""id"" = ""cast_info"".""movie_id"" WHERE ""title"".""series_years"" BETWEEN '1991-????' AND '????' AND ""movie_companies"".""note"" BETWEEN '(1911) (USA) (theatrical)' AND 'co-production)' AND ""kind_type"".""kind"" BETWEEN 'episode' AND 'video movie' AND ""aka_title"".""imdb_index"" BETWEEN 'XII' AND 'XII' AND ""keyword"".""keyword"" BETWEEN 'acidosis' AND 'øresund' AND ""company_type"".""kind"" BETWEEN 'distributors' AND 'special effects companies' AND ""company_name"".""md5sum"" BETWEEN '0297e5ec22db809e0ff2b2ac09985ab9' AND 'ffff4e2362f22b10d3ac911e2f963b2a' AND ""cast_info"".""note"" BETWEEN '(advisor) (as Dan Carter)' AND '(épouse de Raymond)';"
21b.sql,8,365042328,aka_title|company_name|company_type|kind_type|link_type|movie_companies|movie_info|movie_link|title,9,644d3ee4,ok,"SELECT DISTINCT ON(""company_name"".""id"") ""company_name"".""id"" FROM ""company_name"" LEFT JOIN ""movie_companies"" ON ""company_name"".""id"" = ""movie_companies"".""company_id"" LEFT JOIN ""title"" ON ""movie_companies"".""movie_id"" = ""title"".""id"" LEFT JOIN ""aka_title"" ON ""title"".""id"" = ""aka_title"".""movie_id"" LEFT JOIN ""movie_link"" ON ""title"".""id"" = ""movie_link"".""movie_id"" LEFT JOIN ""link_type"" ON ""movie_link"".""link_type_id"" = ""link_type"".""id"" LEFT JOIN ""movie_info"" ON ""title"".""id"" = ""movie_info"".""movie_id"" LEFT JOIN ""kind_type"" ON ""title"".""kind_id"" = ""kind_type"".""id"" LEFT JOIN ""company_type"" ON ""movie_companies"".""company_type_id"" = ""company_type"".""id"" WHERE ""link_type"".""link"" BETWEEN 'alternate language version of' AND 'version of' AND ""movie_info"".""info"" BETWEEN '$25,000' AND '€ 999,554 (Belgium) (25 March 2007)' AND ""movie_link"".""linked_movie_id"" BETWEEN 11104 AND 2524994 AND ""company_name"".""country_code"" BETWEEN '[at]' AND '[zw]' AND ""aka_title"".""season_nr"" BETWEEN 1 AND 63 AND ""company_type"".""kind"" BETWEEN 'distributors' AND 'special effects companies' AND ""title"".""episode_nr"" BETWEEN 1 AND 91821 AND ""kind_type"".""kind"" BETWEEN 'episode' AND 'video movie' AND ""movie_companies"".""note"" BETWEEN '(1911) (USA) (theatrical)' AND 'co-production)';"
21c.sql,8,365042328,aka_title|company_name|company_type|complete_cast|keyword|kind_type|movie_companies|movie_keyword|title,9,27f66f90,ok,"SELECT DISTINCT ON(""company_name"".""id"") ""company_name"".""id"" FROM ""company_name"" LEFT JOIN ""movie_companies"" ON ""company_name"".""id"" = ""movie_companies"".""company_id"" LEFT JOIN ""company_type"" ON ""movie_companies"".""company_type_id"" = ""company_type"".""id"" LEFT JOIN ""title"" ON ""movie_companies"".""movie_id"" = ""title"".""id"" LEFT JOIN ""movie_keyword"" ON ""title"".""id"" = ""movie_keyword"".""movie_id"" LEFT JOIN ""aka_title"" ON ""title"".""id"" = ""aka_title"".""movie_id"" LEFT JOIN ""kind_type"" ON ""aka_title"".""kind_id"" = ""kind_type"".""id"" LEFT JOIN ""complete_cast"" ON ""title"".""id"" = ""complete_cast"".""movie_id"" LEFT JOIN ""keyword"" ON ""movie_keyword"".""keyword_id"" = ""keyword"".""id"" WHERE ""title"".""phonetic_code"" BETWEEN 'A2352' AND 'Z6565' AND ""movie_companies"".""note"" BETWEEN '(1911) (USA) (theatrical)' AND 'co-production)' AND ""complete_cast"".""status_id"" BETWEEN 3 AND 4 AND ""kind_type"".""kind"" BETWEEN 'episode' AND 'video movie' AND ""company_type"".""kind"" BETWEEN 'distributors' AND 'special effects companies' AND ""aka_title"".""episode_of_id"" BETWEEN 465 AND 25391 AND ""keyword"".""keyword"" BETWEEN 'acidosis' AND 'øresund' AND ""company_name"".""md5sum"" BETWEEN '0297e5ec22db809e0ff2b2ac09985ab9' AND 'ffff4e2362f22b10d3ac911e2f963b2a';"
22a.sql,10,375962937,aka_title|cast_info|company_name|info_type|movie_companies|movie_info|movie_info_idx|movie_keyword|movie_link|role_type|title,11,722c5e3b,ok,"SELECT DISTINCT ON(""company_name"".""id"") ""company_name"".""id"" FROM ""company_name"" LEFT JOIN ""movie_companies"" ON ""company_name"".""id"" = ""movie_companies"".""company_id"" LEFT JOIN ""title"" ON ""movie_companies"".""movie_id"" = ""title"".""id"" LEFT JOIN ""movie_keyword"" ON ""title"".""id"" = ""movie_keyword"".""movie_id"" LEFT JOIN ""movie_link"" ON ""title"".""id"" = ""movie_link"".""movie_id"" LEFT JOIN ""aka_title"" ON ""title"".""id"" = ""aka_title"".""movie_id"" LEFT JOIN ""movie_info_idx"" ON ""title"".""id"" = ""movie_info_idx"".""movie_id"" LEFT JOIN ""cast_info"" ON ""title"".""id"" = ""cast_info"".""movie_id"" LEFT JOIN ""info_type"" ON ""movie_info_idx"".""info_type_id"" = ""info_type"".""id"" LEFT JOIN ""role_type"" ON ""cast_info"".""role_id"" = ""role_type"".""id"" LEFT JOIN ""movie_info"" ON ""title"".""id"" = ""movie_info"".""movie_id"" WHERE ""movie_info"".""info"" BETWEEN '$25,000' AND '€ 999,554 (Belgium) (25 March 2007)' AND ""movie_link"".""linked_movie_id"" BETWEEN 11104 AND 2524994 AND ""company_name"".""name_pcode_nf"" BETWEEN 'A2121' AND 'Z6543' AND ""aka_title"".""note"" BETWEEN '(Australia) (rerun title)' AND '(working ttitle)' AND ""info_type"".""info"" BETWEEN 'LD additional information' AND 'where now' AND ""cast_info"".""nr_order"" BETWEEN 0 AND 1115798165 AND ""role_type"".""role"" BETWEEN 'actor' AND 'writer' AND ""title"".""season_nr"" BETWEEN 1 AND 2013 AND ""movie_info_idx"".""info"" BETWEEN '.....23010' AND '9997' AND ""movie_companies"".""note"" BETWEEN '(1911) (USA) (theatrical)' AND 'co-production)';"
22b.sql,10,375962937,aka_title|cast_info|company_name|company_type|keyword|kind_type|movie_companies|movie_info_idx|movie_keyword|name|title,11,d9f68b79,ok,"SELECT DISTINCT ON(""company_name"".""id"") ""company_name"".""imdb_id"" FROM ""company_name"" LEFT JOIN ""movie_companies"" ON ""company_name"".""id"" = ""movie_companies"".""company_id"" LEFT JOIN ""title"" ON ""movie_companies"".""movie_id"" = ""title"".""id"" LEFT JOIN ""kind_type"" ON ""title"".""kind_id"" = ""kind_type"".""id"" LEFT JOIN ""company_type"" ON ""movie_companies"".""company_type_id"" = ""company_type"".""id"" LEFT JOIN ""movie_info_idx"" ON ""title"".""id"" = ""movie_info_idx"".""movie_id"" LEFT JOIN ""cast_info"" ON ""title"".""id"" = ""cast_info"".""movie_id"" LEFT JOIN ""movie_keyword"" ON ""title"".""id"" = ""movie_keyword"".""movie_id"" LEFT JOIN ""name"" ON ""cast_info"".""person_id"" = ""name"".""id"" LEFT JOIN ""aka_title"" ON ""kind_type"".""id"" = ""aka_title"".""kind_id"" LEFT JOIN ""keyword"" ON ""movie_keyword"".""keyword_id"" = ""keyword"".""id"" WHERE ""title"".""episode_of_id"" BETWEEN 15711 AND 2528186 AND ""movie_info_idx"".""info"" BETWEEN '.....23010' AND '9997' AND ""movie_companies"".""note"" BETWEEN '(1911) (USA) (theatrical)' AND 'co-production)' AND ""kind_type"".""kind"" BETWEEN 'episode' AND 'video movie' AND ""company_type"".""kind"" BETWEEN 'distributors' AND 'special effects companies' AND ""name"".""name"" BETWEEN 'Akhurst, Veronica' AND 'þórhallsson, Þórhallur' AND ""aka_title"".""phonetic_code"" BETWEEN 'A1652' AND 'Z6564' AND ""keyword"".""phonetic_code"" BETWEEN 'A2364' AND 'Z653' AND ""company_name"".""name"" BETWEEN '6 {ft} 1 Productions' AND 'ö Filmproduktion' AND ""cast_info"".""nr_order"" BETWEEN 0 AND 1115798165;"
22c.sql,10,375962937,aka_title|cast_info|char_name|company_name|company_type|keyword|kind_type|movie_companies|movie_keyword|role_type|title,11,2eb540fd,ok,"SELECT DISTINCT ON(""company_name"".""id"") ""company_name"".""name_pcode_sf"" FROM ""company_name"" LEFT JOIN ""movie_companies"" ON ""company_name"".""id"" = ""movie_companies"".""company_id"" LEFT JOIN ""title"" ON ""movie_companies"".""movie_id"" = ""title"".""id"" LEFT JOIN ""cast_info"" ON ""title"".""id"" = ""cast_info"".""movie_id"" LEFT JOIN ""char_name"" ON ""cast_info"".""person_role_id"" = ""char_name"".""id"" LEFT JOIN ""company_type"" ON ""movie_companies"".""company_type_id"" = ""company_type"".""id"" LEFT JOIN ""role_type"" ON ""cast_info"".""role_id"" = ""role_type"".""id"" LEFT JOIN ""movie_keyword"" ON ""title"".""id"" = ""movie_keyword"".""movie_id"" LEFT JOIN ""aka_title"" ON ""title"".""id"" = ""aka_title"".""movie_id"" LEFT JOIN ""kind_type"" ON ""title"".""kind_id"" = ""kind_type"".""id"" LEFT JOIN ""keyword"" ON ""movie_keyword"".""keyword_id"" = ""keyword"".""id"" WHERE ""char_name"".""md5sum"" BETWEEN '02915d50d5e08da33b86102ae812b444' AND 'fffffa526fd5c372942d57a412a9a4fe' AND ""company_name"".""name"" BETWEEN '6 {ft} 1 Productions' AND 'ö Filmproduktion' AND ""keyword"".""keyword"" BETWEEN 'acidosis' AND 'øresund' AND ""aka_title"".""note"" BETWEEN '(Australia) (rerun title)' AND '(working ttitle)' AND ""cast_info"".""nr_order"" BETWEEN 0 AND 1115798165 AND ""company_type"".""kind"" BETWEEN 'distributors' AND 'special effects companies' AND ""role_type"".""role"" BETWEEN 'actor' AND 'writer' AND ""title"".""md5sum"" BETWEEN '0296d2b20235be36849d015e34d80f2c' AND 'fffffec1b13bc6af69f56864884364e4' AND ""kind_type"".""kind"" BETWEEN 'episode' AND 'video movie' AND ""movie_companies"".""note"" BETWEEN '(1911) (USA) (theatrical)' AND 'co-production)';"
22d.sql,10,375962937,aka_title|company_name|company_type|keyword|kind_type|link_type|movie_companies|movie_info_idx|movie_keyword|movie_link|title,11,5c08c0e4,ok,"SELECT DISTINCT ON(""company_name"".""id"") ""company_name"".""id"" FROM ""company_name"" LEFT JOIN ""movie_companies"" ON ""company_name"".""id"" = ""movie_companies"".""company_id"" LEFT JOIN ""title"" ON ""movie_companies"".""movie_id"" = ""title"".""id"" LEFT JOIN ""movie_info_idx"" ON ""title"".""id"" = ""movie_info_idx"".""movie_id"" LEFT JOIN ""aka_title"" ON ""title"".""id"" = ""aka_title"".""movie_id"" LEFT JOIN ""movie_link"" ON ""title"".""id"" = ""movie_link"".""movie_id"" LEFT JOIN ""movie_keyword"" ON ""title"".""id"" = ""movie_keyword"".""movie_id"" LEFT JOIN ""company_type"" ON ""movie_companies"".""company_type_id"" = ""company_type"".""id"" LEFT JOIN ""kind_type"" ON ""aka_title"".""kind_id"" = ""kind_type"".""id"" LEFT JOIN ""keyword"" ON ""movie_keyword"".""keyword_id"" = ""keyword"".""id"" LEFT JOIN ""link_type"" ON ""movie_link"".""link_type_id"" = ""link_type"".""id"" WHERE ""title"".""series_years"" BETWEEN '1991-????' AND '????' AND ""movie_info_idx"".""info"" BETWEEN '.....23010' AND '9997' AND ""link_type"".""link"" BETWEEN 'alternate language version of' AND 'version of' AND ""movie_companies"".""note"" BETWEEN '(1911) (USA) (theatrical)' AND 'co-production)' AND ""kind_type"".""kind"" BETWEEN 'episode' AND 'video movie' AND ""aka_title"".""phonetic_code"" BETWEEN 'A1652' AND 'Z6564' AND ""company_type"".""kind"" BETWEEN 'distributors' AND 'special effects companies' AND ""keyword"".""keyword"" BETWEEN 'acidosis' AND 'øresund' AND ""movie_link"".""linked_movie_id"" BETWEEN 11104 AND 2524994 AND ""company_name"".""md5sum"" BETWEEN '0297e5ec22db809e0ff2b2ac09985ab9' AND 'ffff4e2362f22b10d3ac911e2f963b2a';"
23a.sql,10,365463009,aka_title|cast_info|char_name|comp_cast_type|complete_cast|link_type|movie_companies|movie_info_idx|movie_link|name|title,11,ccbd8e4e,ok,"SELECT DISTINCT ON(""complete_cast"".""id"") ""complete_cast"".""movie_id"" FROM ""complete_cast"" LEFT JOIN ""title"" ON ""complete_cast"".""movie_id"" = ""title"".""id"" LEFT JOIN ""movie_companies"" ON ""title"".""id"" = ""movie_companies"".""movie_id"" LEFT JOIN ""comp_cast_type"" ON ""complete_cast"".""subject_id"" = ""comp_cast_type"".""id"" LEFT JOIN ""cast_info"" ON ""title"".""id"" = ""cast_info"".""movie_id"" LEFT JOIN ""movie_link"" ON ""title"".""id"" = ""movie_link"".""movie_id"" LEFT JOIN ""char_name"" ON ""cast_info"".""person_role_id"" = ""char_name"".""id"" LEFT JOIN ""link_type"" ON ""movie_link"".""link_type_id"" = ""link_type"".""id"" LEFT JOIN ""aka_title"" ON ""title"".""id"" = ""aka_title"".""movie_id"" LEFT JOIN ""name"" ON ""cast_info"".""person_id"" = ""name"".""id"" LEFT JOIN ""movie_info_idx"" ON ""title"".""id"" = ""movie_info_idx"".""movie_id"" WHERE ""link_type"".""link"" BETWEEN 'alternate language version of' AND 'version of' AND ""char_name"".""name_pcode_nf"" BETWEEN 'A252' AND 'Z6565' AND ""complete_cast"".""status_id"" BETWEEN 3 AND 4 AND ""movie_link"".""linked_movie_id"" BETWEEN 11104 AND 2524994 AND ""aka_title"".""imdb_index"" BETWEEN 'XII' AND 'XII' AND ""comp_cast_type"".""kind"" BETWEEN 'cast' AND 'crew' AND ""cast_info"".""note"" BETWEEN '(advisor) (as Dan Carter)' AND '(épouse de Raymond)' AND ""title"".""episode_nr"" BETWEEN 1 AND 91821 AND ""name"".""name_pcode_nf"" BETWEEN 'A2621' AND 'Z6565' AND ""movie_info_idx"".""info"" BETWEEN '.....23010' AND '9997' AND ""movie_companies"".""note"" BETWEEN '(1911) (USA) (theatrical)' AND 'co-production)';"
23b.sql,10,365463009,aka_title|comp_cast_type|company_type|complete_cast|info_type|kind_type|movie_companies|movie_info|movie_info_idx|person_info|title,11,7bd401b8,ok,"SELECT DISTINCT ON(""complete_cast"".""id"") ""complete_cast"".""status_id"" FROM ""complete_cast"" LEFT JOIN ""title"" ON ""complete_cast"".""movie_id"" = ""title"".""id"" LEFT JOIN ""comp_cast_type"" ON ""complete_cast"".""subject_id"" = ""comp_cast_type"".""id"" LEFT JOIN ""movie_info"" ON ""title"".""id"" = ""movie_info"".""movie_id"" LEFT JOIN ""movie_companies"" ON ""title"".""id"" = ""movie_companies"".""movie_id"" LEFT JOIN ""company_type"" ON ""movie_companies"".""company_type_id"" = ""company_type"".""id"" LEFT JOIN ""info_type"" ON ""movie_info"".""info_type_id"" = ""info_type"".""id"" LEFT JOIN ""aka_title"" ON ""title"".""id"" = ""aka_title"".""movie_id"" LEFT JOIN ""person_info"" ON ""info_type"".""id"" = ""person_info"".""info_type_id"" LEFT JOIN ""kind_type"" ON ""aka_title"".""kind_id"" = ""kind_type"".""id"" LEFT JOIN ""movie_info_idx"" ON ""info_type"".""id"" = ""movie_info_idx"".""info_type_id"" WHERE ""title"".""production_year"" BETWEEN 1910 AND 2019 AND ""info_type"".""info"" BETWEEN 'LD additional information' AND 'where now' AND ""movie_info_idx"".""info"" BETWEEN '.....23010' AND '9997' AND ""movie_companies"".""note"" BETWEEN '(1911) (USA) (theatrical)' AND 'co-production)' AND ""kind_type"".""kind"" BETWEEN 'episode' AND 'video movie' AND ""movie_info"".""note"" BETWEEN '(Berlin International Film Festival)' AND 'ôtre k''ôtre' AND ""comp_cast_type"".""kind"" BETWEEN 'cast' AND 'crew' AND ""company_type"".""kind"" BETWEEN 'distributors' AND 'special effects companies' AND ""aka_title"".""imdb_index"" BETWEEN 'XII' AND 'XII' AND ""person_info"".""note"" BETWEEN 'Gary Brumburgh / gr-home@pacbell.net' AND 'Ünsal Babayigit' AND ""complete_cast"".""status_id"" BETWEEN 3 AND 4;"
23c.sql,10,365463009,cast_info|comp_cast_type|complete_cast|keyword|kind_type|movie_companies|movie_info|movie_info_idx|movie_keyword|name|title,11,03bb16d1,ok,"SELECT DISTINCT ON(""complete_cast"".""id"") ""complete_cast"".""movie_id"" FROM ""complete_cast"" LEFT JOIN ""title"" ON ""complete_cast"".""movie_id"" = ""title"".""id"" LEFT JOIN ""movie_keyword"" ON ""title"".""id"" = ""movie_keyword"".""movie_id"" LEFT JOIN ""comp_cast_type"" ON ""complete_cast"".""subject_id"" = ""comp_cast_type"".""id"" LEFT JOIN ""movie_info"" ON ""title"".""id"" = ""movie_info"".""movie_id"" LEFT JOIN ""cast_info"" ON ""title"".""id"" = ""cast_info"".""movie_id"" LEFT JOIN ""name"" ON ""cast_info"".""person_id"" = ""name"".""id"" LEFT JOIN ""kind_type"" ON ""title"".""kind_id"" = ""kind_type"".""id"" LEFT JOIN ""movie_info_idx"" ON ""title"".""id"" = ""movie_info_idx"".""movie_id"" LEFT JOIN ""keyword"" ON ""movie_keyword"".""keyword_id"" = ""keyword"".""id"" LEFT JOIN ""movie_companies"" ON ""title"".""id"" = ""movie_companies"".""movie_id"" WHERE ""movie_info"".""info"" BETWEEN '$25,000' AND '€ 999,554 (Belgium) (25 March 2007)' AND ""complete_cast"".""status_id"" BETWEEN 3 AND 4 AND ""keyword"".""keyword"" BETWEEN 'acidosis' AND 'øresund' AND ""comp_cast_type"".""kind"" BETWEEN 'cast' AND 'crew' AND ""cast_info"".""nr_order"" BETWEEN 0 AND 1115798165 AND ""title"".""phonetic_code"" BETWEEN 'A2352' AND 'Z6565' AND ""kind_type"".""kind"" BETWEEN 'episode' AND 'video movie' AND ""name"".""imdb_index"" BETWEEN 'I' AND 'XXXVIII' AND ""movie_info_idx"".""info"" BETWEEN '.....23010' AND '9997' AND ""movie_companies"".""note"" BETWEEN '(1911) (USA) (theatrical)' AND 'co-production)';"
24a.sql,11,670450630,aka_name|aka_title|cast_info|complete_cast|info_type|kind_type|movie_info_idx|movie_keyword|name|person_info|role_type|title,12,419144ef,ok,"SELECT DISTINCT ON(""aka_name"".""id"") ""aka_name"".""person_id"" FROM ""aka_name"" LEFT JOIN ""name"" ON ""aka_name"".""person_id"" = ""name"".""id"" LEFT JOIN ""person_info"" ON ""name"".""id"" = ""person_info"".""person_id"" LEFT JOIN ""info_type"" ON ""person_info"".""info_type_id"" = ""info_type"".""id"" LEFT JOIN ""cast_info"" ON ""name"".""id"" = ""cast_info"".""person_id"" LEFT JOIN ""role_type"" ON ""cast_info"".""role_id"" = ""role_type"".""id"" LEFT JOIN ""title"" ON ""cast_info"".""movie_id"" = ""title"".""id"" LEFT JOIN ""complete_cast"" ON ""title"".""id"" = ""complete_cast"".""movie_id"" LEFT JOIN ""movie_info_idx"" ON ""title"".""id"" = ""movie_info_idx"".""movie_id"" LEFT JOIN ""aka_title"" ON ""title"".""id"" = ""aka_title"".""movie_id"" LEFT JOIN ""movie_keyword"" ON ""title"".""id"" = ""movie_keyword"".""movie_id"" LEFT JOIN ""kind_type"" ON ""aka_title"".""kind_id"" = ""kind_type"".""id"" WHERE ""title"".""production_year"" BETWEEN 1910 AND 2019 AND ""info_type"".""info"" BETWEEN 'LD additional information' AND 'where now' AND ""movie_info_idx"".""info"" BETWEEN '.....23010' AND '9997' AND ""complete_cast"".""status_id"" BETWEEN 3 AND 4 AND ""kind_type"".""kind"" BETWEEN 'episode' AND 'video movie' AND ""person_info"".""note"" BETWEEN 'Gary Brumburgh / gr-home@pacbell.net' AND 'Ünsal Babayigit' AND ""name"".""md5sum"" BETWEEN '028f683477b8a4c79a33ff63cdc44581' AND 'fffff98a09c03b80a33d5f7ebc83006e' AND ""role_type"".""role"" BETWEEN 'actor' AND 'writer' AND ""aka_title"".""note"" BETWEEN '(Australia) (rerun title)' AND '(working ttitle)' AND ""aka_name"".""md5sum"" BETWEEN '0292cac958e7ccf97eb657f38ec21ee0' AND 'ffffe722e6e7c1a8ba1f66032fef9762' AND ""cast_info"".""note"" BETWEEN '(advisor) (as Dan Carter)' AND '(épouse de Raymond)';"
24b.sql,11,670450630,aka_name|aka_title|cast_info|char_name|info_type|kind_type|movie_companies|movie_info_idx|movie_keyword|name|person_info|title,12,735373ba,ok,"SELECT DISTINCT ON(""aka_name"".""id"") ""aka_name"".""name_pcode_nf"" FROM ""aka_name"" LEFT JOIN ""name"" ON ""aka_name"".""person_id"" = ""name"".""id"" LEFT JOIN ""cast_info"" ON ""name"".""id"" = ""cast_info"".""person_id"" LEFT JOIN ""person_info"" ON ""name"".""id"" = ""person_info"".""person_id"" LEFT JOIN ""title"" ON ""cast_info"".""movie_id"" = ""title"".""id"" LEFT JOIN ""info_type"" ON ""person_info"".""info_type_id"" = ""info_type"".""id"" LEFT JOIN ""movie_keyword"" ON ""title"".""id"" = ""movie_keyword"".""movie_id"" LEFT JOIN ""movie_info_idx"" ON ""title"".""id"" = ""movie_info_idx"".""movie_id"" LEFT JOIN ""movie_companies"" ON ""title"".""id"" = ""movie_companies"".""movie_id"" LEFT JOIN ""kind_type"" ON ""title"".""kind_id"" = ""kind_type"".""id"" LEFT JOIN ""aka_title"" ON ""title"".""id"" = ""aka_title"".""movie_id"" LEFT JOIN ""char_name"" ON ""cast_info"".""person_role_id"" = ""char_name"".""id"" WHERE ""char_name"".""name"" BETWEEN 'Abe Tyson' AND 'üzletember' AND ""aka_name"".""name"" BETWEEN 'Afzelius, Kick' AND 'üNal, Emre' AND ""kind_type"".""kind"" BETWEEN 'episode' AND 'video movie' AND ""info_type"".""info"" BETWEEN 'LD additional information' AND 'where now' AND ""aka_title"".""note"" BETWEEN '(Australia) (rerun title)' AND '(working ttitle)' AND ""cast_info"".""nr_order"" BETWEEN 0 AND 1115798165 AND ""title"".""series_years"" BETWEEN '1991-????' AND '????' AND ""person_info"".""note"" BETWEEN 'Gary Brumburgh / gr-home@pacbell.net' AND 'Ünsal Babayigit' AND ""name"".""md5sum"" BETWEEN '028f683477b8a4c79a33ff63cdc44581' AND 'fffff98a09c03b80a33d5f7ebc83006e' AND ""movie_info_idx"".""info"" BETWEEN '.....23010' AND '9997' AND ""movie_companies"".""note"" BETWEEN '(1911) (USA) (theatrical)' AND 'co-production)';"
25a.sql,8,616048378,aka_name|cast_info|char_name|keyword|movie_keyword|movie_link|name|role_type|title,9,393514c4,ok,"SELECT DISTINCT ON(""cast_info"".""id"") ""cast_info"".""role_id"" FROM ""cast_info"" LEFT JOIN ""name"" ON ""cast_info"".""person_id"" = ""name"".""id"" LEFT JOIN ""role_type"" ON ""cast_info"".""role_id"" = ""role_type"".""id"" LEFT JOIN ""aka_name"" ON ""name"".""id"" = ""aka_name"".""person_id"" LEFT JOIN ""title"" ON ""cast_info"".""movie_id"" = ""title"".""id"" LEFT JOIN ""movie_keyword"" ON ""title"".""id"" = ""movie_keyword"".""movie_id"" LEFT JOIN ""movie_link"" ON ""title"".""id"" = ""movie_link"".""movie_id"" LEFT JOIN ""char_name"" ON ""cast_info"".""person_role_id"" = ""char_name"".""id"" LEFT JOIN ""keyword"" ON ""movie_keyword"".""keyword_id"" = ""keyword"".""id"" WHERE ""title"".""episode_nr"" BETWEEN 1 AND 91821 AND ""keyword"".""phonetic_code"" BETWEEN 'A2364' AND 'Z653' AND ""name"".""gender"" BETWEEN 'f' AND 'm' AND ""role_type"".""role"" BETWEEN 'actor' AND 'writer' AND ""movie_link"".""linked_movie_id"" BETWEEN 11104 AND 2524994 AND ""char_name"".""surname_pcode"" BETWEEN 'A2514' AND 'Z6562' AND ""aka_name"".""md5sum"" BETWEEN '0292cac958e7ccf97eb657f38ec21ee0' AND 'ffffe722e6e7c1a8ba1f66032fef9762' AND ""cast_info"".""note"" BETWEEN '(advisor) (as Dan Carter)' AND '(épouse de Raymond)';"
25b.sql,8,616048378,aka_title|cast_info|info_type|kind_type|movie_info|movie_keyword|name|role_type|title,9,ac778608,ok,"SELECT DISTINCT ON(""cast_info"".""id"") ""cast_info"".""role_id"" FROM ""cast_info"" LEFT JOIN ""title"" ON ""cast_info"".""movie_id"" = ""title"".""id"" LEFT JOIN ""role_type"" ON ""cast_info"".""role_id"" = ""role_type"".""id"" LEFT JOIN ""movie_info"" ON ""title"".""id"" = ""movie_info"".""movie_id"" LEFT JOIN ""name"" ON ""cast_info"".""person_id"" = ""name"".""id"" LEFT JOIN ""aka_title"" ON ""title"".""id"" = ""aka_title"".""movie_id"" LEFT JOIN ""kind_type"" ON ""title"".""kind_id"" = ""kind_type"".""id"" LEFT JOIN ""info_type"" ON ""movie_info"".""info_type_id"" = ""info_type"".""id"" LEFT JOIN ""movie_keyword"" ON ""title"".""id"" = ""movie_keyword"".""movie_id"" WHERE ""movie_info"".""note"" BETWEEN '(Berlin International Film Festival)' AND 'ôtre k''ôtre' AND ""aka_title"".""note"" BETWEEN '(Australia) (rerun title)' AND '(working ttitle)' AND ""info_type"".""info"" BETWEEN 'LD additional information' AND 'where now' AND ""role_type"".""role"" BETWEEN 'actor' AND 'writer' AND ""cast_info"".""note"" BETWEEN '(advisor) (as Dan Carter)' AND '(épouse de Raymond)' AND ""title"".""episode_nr"" BETWEEN 1 AND 91821 AND ""kind_type"".""kind"" BETWEEN 'episode' AND 'video movie' AND ""name"".""imdb_index"" BETWEEN 'I' AND 'XXXVIII';"
25c.sql,8,616048378,cast_info|char_name|comp_cast_type|complete_cast|kind_type|link_type|movie_link|role_type|title,9,7d4653ad,ok,"SELECT DISTINCT ON(""cast_info"".""id"") ""cast_info"".""person_role_id"" FROM ""cast_info"" LEFT JOIN ""role_type"" ON ""cast_info"".""role_id"" = ""role_type"".""id"" LEFT JOIN ""char_name"" ON ""cast_info"".""person_role_id"" = ""char_name"".""id"" LEFT JOIN ""title"" ON ""cast_info"".""movie_id"" = ""title"".""id"" LEFT JOIN ""complete_cast"" ON ""title"".""id"" = ""complete_cast"".""movie_id"" LEFT JOIN ""movie_link"" ON ""title"".""id"" = ""movie_link"".""movie_id"" LEFT JOIN ""comp_cast_type"" ON ""complete_cast"".""subject_id"" = ""comp_cast_type"".""id"" LEFT JOIN ""link_type"" ON ""movie_link"".""link_type_id"" = ""link_type"".""id"" LEFT JOIN ""kind_type"" ON ""title"".""kind_id"" = ""kind_type"".""id"" WHERE ""title"".""episode_nr"" BETWEEN 1 AND 91821 AND ""link_type"".""link"" BETWEEN 'alternate language version of' AND 'version of' AND ""kind_type"".""kind"" BETWEEN 'episode' AND 'video movie' AND ""comp_cast_type"".""kind"" BETWEEN 'cast' AND 'crew' AND ""role_type"".""role"" BETWEEN 'actor' AND 'writer' AND ""char_name"".""name"" BETWEEN 'Abe Tyson' AND 'üzletember' AND ""movie_link"".""linked_movie_id"" BETWEEN 11104 AND 2524994 AND ""complete_cast"".""status_id"" BETWEEN 3 AND 4 AND ""cast_info"".""nr_order"" BETWEEN 0 AND 1115798165;"
26a.sql,11,351277734,aka_title|cast_info|char_name|comp_cast_type|company_type|complete_cast|keyword|movie_companies|movie_info|movie_keyword|role_type|title,12,c0b26b5b,ok,"SELECT DISTINCT ON(""complete_cast"".""id"") ""complete_cast"".""status_id"" FROM ""complete_cast"" LEFT JOIN ""comp_cast_type"" ON ""complete_cast"".""subject_id"" = ""comp_cast_type"".""id"" LEFT JOIN ""title"" ON ""complete_cast"".""movie_id"" = ""title"".""id"" LEFT JOIN ""movie_keyword"" ON ""title"".""id"" = ""movie_keyword"".""movie_id"" LEFT JOIN ""keyword"" ON ""movie_keyword"".""keyword_id"" = ""keyword"".""id"" LEFT JOIN ""cast_info"" ON ""title"".""id"" = ""cast_info"".""movie_id"" LEFT JOIN ""role_type"" ON ""cast_info"".""role_id"" = ""role_type"".""id"" LEFT JOIN ""movie_info"" ON ""title"".""id"" = ""movie_info"".""movie_id"" LEFT JOIN ""movie_companies"" ON ""title"".""id"" = ""movie_companies"".""movie_id"" LEFT JOIN ""char_name"" ON ""cast_info"".""person_role_id"" = ""char_name"".""id"" LEFT JOIN ""aka_title"" ON ""title"".""id"" = ""aka_title"".""movie_id"" LEFT JOIN ""company_type"" ON ""movie_companies"".""company_type_id"" = ""company_type"".""id"" WHERE ""movie_info"".""info"" BETWEEN '$25,000' AND '€ 999,554 (Belgium) (25 March 2007)' AND ""char_name"".""name"" BETWEEN 'Abe Tyson' AND 'üzletember' AND ""company_type"".""kind"" BETWEEN 'distributors' AND 'special effects companies' AND ""complete_cast"".""status_id"" BETWEEN 3 AND 4 AND ""title"".""imdb_index"" BETWEEN 'IV' AND 'XXIV' AND ""keyword"".""keyword"" BETWEEN 'acidosis' AND 'øresund' AND ""aka_title"".""title"" BETWEEN 'A Ballad About Green Wood' AND 'þõîñ' AND ""cast_info"".""note"" BETWEEN '(advisor) (as Dan Carter)' AND '(épouse de Raymond)' AND ""role_type"".""role"" BETWEEN 'actor' AND 'writer' AND ""comp_cast_type"".""kind"" BETWEEN 'cast' AND 'crew' AND ""movie_companies"".""note"" BETWEEN '(1911) (USA) (theatrical)' AND 'co-production)';"
26b.sql,11,351277734,aka_title|comp_cast_type|complete_cast|info_type|kind_type|link_type|movie_companies|movie_info|movie_keyword|movie_link|person_info|title,12,d98a5c94,ok,"SELECT DISTINCT ON(""complete_cast"".""id"") ""complete_cast"".""movie_id"" FROM ""complete_cast"" LEFT JOIN ""comp_cast_type"" ON ""complete_cast"".""subject_id"" = ""comp_cast_type"".""id"" LEFT JOIN ""title"" ON ""complete_cast"".""movie_id"" = ""title"".""id"" LEFT JOIN ""movie_info"" ON ""title"".""id"" = ""movie_info"".""movie_id"" LEFT JOIN ""movie_link"" ON ""title"".""id"" = ""movie_link"".""movie_id"" LEFT JOIN ""info_type"" ON ""movie_info"".""info_type_id"" = ""info_type"".""id"" LEFT JOIN ""movie_keyword"" ON ""title"".""id"" = ""movie_keyword"".""movie_id"" LEFT JOIN ""link_type"" ON ""movie_link"".""link_type_id"" = ""link_type"".""id"" LEFT JOIN ""movie_companies"" ON ""title"".""id"" = ""movie_companies"".""movie_id"" LEFT JOIN ""kind_type"" ON ""title"".""kind_id"" = ""kind_type"".""id"" LEFT JOIN ""person_info"" ON ""info_type"".""id"" = ""person_info"".""info_type_id"" LEFT JOIN ""aka_title"" ON ""title"".""id"" = ""aka_title"".""movie_id"" WHERE ""title"".""md5sum"" BETWEEN '0296d2b20235be36849d015e34d80f2c' AND 'fffffec1b13bc6af69f56864884364e4' AND ""info_type"".""info"" BETWEEN 'LD additional information' AND 'where now' AND ""link_type"".""link"" BETWEEN 'alternate language version of' AND 'version of' AND ""movie_companies"".""note"" BETWEEN '(1911) (USA) (theatrical)' AND 'co-production)' AND ""kind_type"".""kind"" BETWEEN 'episode' AND 'video movie' AND ""movie_info"".""note"" BETWEEN '(Berlin International Film Festival)' AND 'ôtre k''ôtre' AND ""comp_cast_type"".""kind"" BETWEEN 'cast' AND 'crew' AND ""person_info"".""info"" BETWEEN '""Celebrity Sleuth"" (USA), 2004, Iss. 35' AND 'Þórsson, Sindri Eldon' AND ""aka_title"".""episode_nr"" BETWEEN 1 AND 4315 AND ""movie_link"".""linked_movie_id"" BETWEEN 11104 AND 2524994 AND ""complete_cast"".""status_id"" BETWEEN 3 AND 4;"
26c.sql,11,351277734,aka_title|comp_cast_type|company_type|complete_cast|info_type|kind_type|movie_companies|movie_info|movie_info_idx|movie_keyword|movie_link|title,12,8556717b,ok,"SELECT DISTINCT ON(""complete_cast"".""id"") ""complete_cast"".""id"" FROM ""complete_cast"" LEFT JOIN ""comp_cast_type"" ON ""complete_cast"".""subject_id"" = ""comp_cast_type"".""id"" LEFT JOIN ""title"" ON ""complete_cast"".""movie_id"" = ""title"".""id"" LEFT JOIN ""movie_companies"" ON ""title"".""id"" = ""movie_companies"".""movie_id"" LEFT JOIN ""aka_title"" ON ""title"".""id"" = ""aka_title"".""movie_id"" LEFT JOIN ""movie_info_idx"" ON ""title"".""id"" = ""movie_info_idx"".""movie_id"" LEFT JOIN ""kind_type"" ON ""title"".""kind_id"" = ""kind_type"".""id"" LEFT JOIN ""company_type"" ON ""movie_companies"".""company_type_id"" = ""company_type"".""id"" LEFT JOIN ""movie_link"" ON ""title"".""id"" = ""movie_link"".""movie_id"" LEFT JOIN ""info_type"" ON ""movie_info_idx"".""info_type_id"" = ""info_type"".""id"" LEFT JOIN ""movie_info"" ON ""title"".""id"" = ""movie_info"".""movie_id"" LEFT JOIN ""movie_keyword"" ON ""title"".""id"" = ""movie_keyword"".""movie_id"" WHERE ""movie_info"".""info"" BETWEEN '$25,000' AND '€ 999,554 (Belgium) (25 March 2007)' AND ""complete_cast"".""status_id"" BETWEEN 3 AND 4 AND ""movie_link"".""linked_movie_id"" BETWEEN 11104 AND 2524994 AND ""title"".""episode_of_id"" BETWEEN 15711 AND 2528186 AND ""aka_title"".""phonetic_code"" BETWEEN 'A1652' AND 'Z6564' AND ""info_type"".""info"" BETWEEN 'LD additional information' AND 'where now' AND ""company_type"".""kind"" BETWEEN 'distributors' AND 'special effects companies' AND ""comp_cast_type"".""kind"" BETWEEN 'cast' AND 'crew' AND ""kind_type"".""kind"" BETWEEN 'episode' AND 'video movie' AND ""movie_info_idx"".""info"" BETWEEN '.....23010' AND '9997' AND ""movie_companies"".""note"" BETWEEN '(1911) (USA) (theatrical)' AND 'co-production)';"
27a.sql,11,365582680,aka_title|cast_info|comp_cast_type|complete_cast|info_type|keyword|kind_type|movie_info|movie_info_idx|movie_keyword|role_type|title,12,a328ff87,ok,"SELECT DISTINCT ON(""complete_cast"".""id"") ""complete_cast"".""id"" FROM ""complete_cast"" LEFT JOIN ""comp_cast_type"" ON ""complete_cast"".""subject_id"" = ""comp_cast_type"".""id"" LEFT JOIN ""title"" ON ""complete_cast"".""movie_id"" = ""title"".""id"" LEFT JOIN ""movie_info_idx"" ON ""title"".""id"" = ""movie_info_idx"".""movie_id"" LEFT JOIN ""aka_title"" ON ""title"".""id"" = ""aka_title"".""movie_id"" LEFT JOIN ""kind_type"" ON ""title"".""kind_id"" = ""kind_type"".""id"" LEFT JOIN ""cast_info"" ON ""title"".""id"" = ""cast_info"".""movie_id"" LEFT JOIN ""movie_keyword"" ON ""title"".""id"" = ""movie_keyword"".""movie_id"" LEFT JOIN ""role_type"" ON ""cast_info"".""role_id"" = ""role_type"".""id"" LEFT JOIN ""keyword"" ON ""movie_keyword"".""keyword_id"" = ""keyword"".""id"" LEFT JOIN ""movie_info"" ON ""title"".""id"" = ""movie_info"".""movie_id"" LEFT JOIN ""info_type"" ON ""movie_info"".""info_type_id"" = ""info_type"".""id"" WHERE ""title"".""title"" BETWEEN '(#1.10964)' AND 'üç' AND ""movie_info_idx"".""info"" BETWEEN '.....23010' AND '9997' AND ""info_type"".""info"" BETWEEN 'LD additional information' AND 'where now' AND ""kind_type"".""kind"" BETWEEN 'episode' AND 'video movie' AND ""comp_cast_type"".""kind"" BETWEEN 'cast' AND 'crew' AND ""movie_info"".""note"" BETWEEN '(Berlin International Film Festival)' AND 'ôtre k''ôtre' AND ""aka_title"".""episode_nr"" BETWEEN 1 AND 4315 AND ""role_type"".""role"" BETWEEN 'actor' AND 'writer' AND ""keyword"".""phonetic_code"" BETWEEN 'A2364' AND 'Z653' AND ""complete_cast"".""status_id"" BETWEEN 3 AND 4 AND ""cast_info"".""nr_order"" BETWEEN 0 AND 1115798165;"
27b.sql,11,365582680,cast_info|comp_cast_type|complete_cast|info_type|keyword|movie_companies|movie_info|movie_info_idx|movie_keyword|movie_link|role_type|title,12,fd19e27f,ok,"SELECT DISTINCT ON(""complete_cast"".""id"") ""complete_cast"".""subject_id"" FROM ""complete_cast"" LEFT JOIN ""title"" ON ""complete_cast"".""movie_id"" = ""title"".""id"" LEFT JOIN ""movie_keyword"" ON ""title"".""id"" = ""movie_keyword"".""movie_id"" LEFT JOIN ""movie_info"" ON ""title"".""id"" = ""movie_info"".""movie_id"" LEFT JOIN ""movie_companies"" ON ""title"".""id"" = ""movie_companies"".""movie_id"" LEFT JOIN ""comp_cast_type"" ON ""complete_cast"".""subject_id"" = ""comp_cast_type"".""id"" LEFT JOIN ""movie_info_idx"" ON ""title"".""id"" = ""movie_info_idx"".""movie_id"" LEFT JOIN ""keyword"" ON ""movie_keyword"".""keyword_id"" = ""keyword"".""id"" LEFT JOIN ""cast_info"" ON ""title"".""id"" = ""cast_info"".""movie_id"" LEFT JOIN ""role_type"" ON ""cast_info"".""role_id"" = ""role_type"".""id"" LEFT JOIN ""movie_link"" ON ""title"".""id"" = ""movie_link"".""movie_id"" LEFT JOIN ""info_type"" ON ""movie_info"".""info_type_id"" = ""info_type"".""id"" WHERE ""movie_info"".""note"" BETWEEN '(Berlin International Film Festival)' AND 'ôtre k''ôtre' AND ""complete_cast"".""status_id"" BETWEEN 3 AND 4 AND ""movie_link"".""linked_movie_id"" BETWEEN 11104 AND 2524994 AND ""keyword"".""keyword"" BETWEEN 'acidosis' AND 'øresund' AND ""info_type"".""info"" BETWEEN 'LD additional information' AND 'where now' AND ""comp_cast_type"".""kind"" BETWEEN 'cast' AND 'crew' AND ""cast_info"".""nr_order"" BETWEEN 0 AND 1115798165 AND ""role_type"".""role"" BETWEEN 'actor' AND 'writer' AND ""title"".""imdb_index"" BETWEEN 'IV' AND 'XXIV' AND ""movie_info_idx"".""info"" BETWEEN '.....23010' AND '9997' AND ""movie_companies"".""note"" BETWEEN '(1911) (USA) (theatrical)' AND 'co-production)';"
27c.sql,11,365582680,aka_title|comp_cast_type|complete_cast|info_type|keyword|kind_type|movie_info|movie_info_idx|movie_keyword|name|person_info|title,12,ca43cebd,ok,"SELECT DISTINCT ON(""complete_cast"".""id"") ""complete_cast"".""subject_id"" FROM ""complete_cast"" LEFT JOIN ""title"" ON ""complete_cast"".""movie_id"" = ""title"".""id"" LEFT JOIN ""movie_keyword"" ON ""title"".""id"" = ""movie_keyword"".""movie_id"" LEFT JOIN ""movie_info_idx"" ON ""title"".""id"" = ""movie_info_idx"".""movie_id"" LEFT JOIN ""kind_type"" ON ""title"".""kind_id"" = ""kind_type"".""id"" LEFT JOIN ""comp_cast_type"" ON ""complete_cast"".""subject_id"" = ""comp_cast_type"".""id"" LEFT JOIN ""info_type"" ON ""movie_info_idx"".""info_type_id"" = ""info_type"".""id"" LEFT JOIN ""person_info"" ON ""info_type"".""id"" = ""person_info"".""info_type_id"" LEFT JOIN ""keyword"" ON ""movie_keyword"".""keyword_id"" = ""keyword"".""id"" LEFT JOIN ""movie_info"" ON ""title"".""id"" = ""movie_info"".""movie_id"" LEFT JOIN ""name"" ON ""person_info"".""person_id"" = ""name"".""id"" LEFT JOIN ""aka_title"" ON ""title"".""id"" = ""aka_title"".""movie_id"" WHERE ""title"".""series_years"" BETWEEN '1991-????' AND '????' AND ""movie_info_idx"".""info"" BETWEEN '.....23010' AND '9997' AND ""info_type"".""info"" BETWEEN 'LD additional information' AND 'where now' AND ""kind_type"".""kind"" BETWEEN 'episode' AND 'video movie' AND ""comp_cast_type"".""kind"" BETWEEN 'cast' AND 'crew' AND ""movie_info"".""note"" BETWEEN '(Berlin International Film Festival)' AND 'ôtre k''ôtre' AND ""person_info"".""info"" BETWEEN '""Celebrity Sleuth"" (USA), 2004, Iss. 35' AND 'Þórsson, Sindri Eldon' AND ""keyword"".""phonetic_code"" BETWEEN 'A2364' AND 'Z653' AND ""name"".""surname_pcode"" BETWEEN 'A32' AND 'Z656' AND ""aka_title"".""episode_nr"" BETWEEN 1 AND 4315 AND ""complete_cast"".""status_id"" BETWEEN 3 AND 4;"
28a.sql,13,376503289,aka_title|cast_info|char_name|comp_cast_type|complete_cast|info_type|keyword|kind_type|movie_info|movie_keyword|name|person_info|role_type|title,14,c714194e,ok,"SELECT DISTINCT ON(""complete_cast"".""id"") ""complete_cast"".""subject_id"" FROM ""complete_cast"" LEFT JOIN ""comp_cast_type"" ON ""complete_cast"".""subject_id"" = ""comp_cast_type"".""id"" LEFT JOIN ""title"" ON ""complete_cast"".""movie_id"" = ""title"".""id"" LEFT JOIN ""kind_type"" ON ""title"".""kind_id"" = ""kind_type"".""id"" LEFT JOIN ""aka_title"" ON ""kind_type"".""id"" = ""aka_title"".""kind_id"" LEFT JOIN ""cast_info"" ON ""title"".""id"" = ""cast_info"".""movie_id"" LEFT JOIN ""movie_keyword"" ON ""title"".""id"" = ""movie_keyword"".""movie_id"" LEFT JOIN ""movie_info"" ON ""title"".""id"" = ""movie_info"".""movie_id"" LEFT JOIN ""char_name"" ON ""cast_info"".""person_role_id"" = ""char_name"".""id"" LEFT JOIN ""info_type"" ON ""movie_info"".""info_type_id"" = ""info_type"".""id"" LEFT JOIN ""keyword"" ON ""movie_keyword"".""keyword_id"" = ""keyword"".""id"" LEFT JOIN ""person_info"" ON ""info_type"".""id"" = ""person_info"".""info_type_id"" LEFT JOIN ""role_type"" ON ""cast_info"".""role_id"" = ""role_type"".""id"" LEFT JOIN ""name"" ON ""cast_info"".""person_id"" = ""name"".""id"" WHERE ""movie_info"".""note"" BETWEEN '(Berlin International Film Festival)' AND 'ôtre k''ôtre' AND ""char_name"".""imdb_index"" BETWEEN 'M' AND 'M' AND ""complete_cast"".""status_id"" BETWEEN 3 AND 4 AND ""title"".""series_years"" BETWEEN '1991-????' AND '????' AND ""person_info"".""info"" BETWEEN '""Celebrity Sleuth"" (USA), 2004, Iss. 35' AND 'Þórsson, Sindri Eldon' AND ""keyword"".""keyword"" BETWEEN 'acidosis' AND 'øresund' AND ""aka_title"".""imdb_index"" BETWEEN 'XII' AND 'XII' AND ""info_type"".""info"" BETWEEN 'LD additional information' AND 'where now' AND ""cast_info"".""nr_order"" BETWEEN 0 AND 1115798165 AND ""role_type"".""role"" BETWEEN 'actor' AND 'writer' AND ""comp_cast_type"".""kind"" BETWEEN 'cast' AND 'crew' AND ""kind_type"".""kind"" BETWEEN 'episode' AND 'video movie' AND ""name"".""imdb_index"" BETWEEN 'I' AND 'XXXVIII';"
28b.sql,13,376503289,aka_title|cast_info|comp_cast_type|company_type|complete_cast|info_type|kind_type|link_type|movie_companies|movie_info|movie_info_idx|movie_keyword|movie_link|title,14,10b87dc6,ok,"SELECT DISTINCT ON(""complete_cast"".""id"") ""complete_cast"".""subject_id"" FROM ""complete_cast"" LEFT JOIN ""comp_cast_type"" ON ""complete_cast"".""subject_id"" = ""comp_cast_type"".""id"" LEFT JOIN ""title"" ON ""complete_cast"".""movie_id"" = ""title"".""id"" LEFT JOIN ""aka_title"" ON ""title"".""id"" = ""aka_title"".""movie_id"" LEFT JOIN ""kind_type"" ON ""title"".""kind_id"" = ""kind_type"".""id"" LEFT JOIN ""movie_info_idx"" ON ""title"".""id"" = ""movie_info_idx"".""movie_id"" LEFT JOIN ""movie_info"" ON ""title"".""id"" = ""movie_info"".""movie_id"" LEFT JOIN ""cast_info"" ON ""title"".""id"" = ""cast_info"".""movie_id"" LEFT JOIN ""movie_link"" ON ""title"".""id"" = ""movie_link"".""movie_id"" LEFT JOIN ""movie_companies"" ON ""title"".""id"" = ""movie_companies"".""movie_id"" LEFT JOIN ""info_type"" ON ""movie_info_idx"".""info_type_id"" = ""info_type"".""id"" LEFT JOIN ""link_type"" ON ""movie_link"".""link_type_id"" = ""link_type"".""id"" LEFT JOIN ""movie_keyword"" ON ""title"".""id"" = ""movie_keyword"".""movie_id"" LEFT JOIN ""company_type"" ON ""movie_companies"".""company_type_id"" = ""company_type"".""id"" WHERE ""title"".""season_nr"" BETWEEN 1 AND 2013 AND ""movie_info_idx"".""info"" BETWEEN '.....23010' AND '9997' AND ""info_type"".""info"" BETWEEN 'LD additional information' AND 'where now' AND ""movie_companies"".""note"" BETWEEN '(1911) (USA) (theatrical)' AND 'co-production)' AND ""link_type"".""link"" BETWEEN 'alternate language version of' AND 'version of' AND ""kind_type"".""kind"" BETWEEN 'episode' AND 'video movie' AND ""comp_cast_type"".""kind"" BETWEEN 'cast' AND 'crew' AND ""movie_info"".""info"" BETWEEN '$25,000' AND '€ 999,554 (Belgium) (25 March 2007)' AND ""aka_title"".""season_nr"" BETWEEN 1 AND 63 AND ""company_type"".""kind"" BETWEEN 'distributors' AND 'special effects companies' AND ""movie_link"".""linked_movie_id"" BETWEEN 11104 AND 2524994 AND ""complete_cast"".""status_id"" BETWEEN 3 AND 4 AND ""cast_info"".""note"" BETWEEN '(advisor) (as Dan Carter)' AND '(épouse de Raymond)';"
28c.sql,13,376503289,aka_name|aka_title|cast_info|char_name|comp_cast_type|complete_cast|info_type|kind_type|movie_info|movie_info_idx|movie_keyword|name|role_type|title,14,4cbefee3,ok,"SELECT DISTINCT ON(""complete_cast"".""id"") ""complete_cast"".""status_id"" FROM ""complete_cast"" LEFT JOIN ""title"" ON ""complete_cast"".""movie_id"" = ""title"".""id"" LEFT JOIN ""movie_keyword"" ON ""title"".""id"" = ""movie_keyword"".""movie_id"" LEFT JOIN ""movie_info"" ON ""title"".""id"" = ""movie_info"".""movie_id"" LEFT JOIN ""movie_info_idx"" ON ""title"".""id"" = ""movie_info_idx"".""movie_id"" LEFT JOIN ""comp_cast_type"" ON ""complete_cast"".""subject_id"" = ""comp_cast_type"".""id"" LEFT JOIN ""aka_title"" ON ""title"".""id"" = ""aka_title"".""movie_id"" LEFT JOIN ""cast_info"" ON ""title"".""id"" = ""cast_info"".""movie_id"" LEFT JOIN ""kind_type"" ON ""title"".""kind_id"" = ""kind_type"".""id"" LEFT JOIN ""name"" ON ""cast_info"".""person_id"" = ""name"".""id"" LEFT JOIN ""role_type"" ON ""cast_info"".""role_id"" = ""role_type"".""id"" LEFT JOIN ""char_name"" ON ""cast_info"".""person_role_id"" = ""char_name"".""id"" LEFT JOIN ""aka_name"" ON ""name"".""id"" = ""aka_name"".""person_id"" LEFT JOIN ""info_type"" ON ""movie_info"".""info_type_id"" = ""info_type"".""id"" WHERE ""movie_info"".""note"" BETWEEN '(Berlin International Film Festival)' AND 'ôtre k''ôtre' AND ""char_name"".""imdb_index"" BETWEEN 'M' AND 'M' AND ""complete_cast"".""status_id"" BETWEEN 3 AND 4 AND ""aka_name"".""md5sum"" BETWEEN '0292cac958e7ccf97eb657f38ec21ee0' AND 'ffffe722e6e7c1a8ba1f66032fef9762' AND ""aka_title"".""note"" BETWEEN '(Australia) (rerun title)' AND '(working ttitle)' AND ""comp_cast_type"".""kind"" BETWEEN 'cast' AND 'crew' AND ""info_type"".""info"" BETWEEN 'LD additional information' AND 'where now' AND ""cast_info"".""note"" BETWEEN '(advisor) (as Dan Carter)' AND '(épouse de Raymond)' AND ""role_type"".""role"" BETWEEN 'actor' AND 'writer' AND ""title"".""imdb_index"" BETWEEN 'IV' AND 'XXIV' AND ""kind_type"".""kind"" BETWEEN 'episode' AND 'video movie' AND ""name"".""surname_pcode"" BETWEEN 'A32' AND 'Z656' AND ""movie_info_idx"".""info"" BETWEEN '.....23010' AND '9997';"
29a.sql,16,745082582,aka_name|aka_title|cast_info|char_name|comp_cast_type|company_name|complete_cast|info_type|keyword|movie_companies|movie_info|movie_info_idx|movie_keyword|name|person_info|role_type|title,17,76cdc736,ok,"SELECT DISTINCT ON(""aka_name"".""id"") ""aka_name"".""imdb_index"" FROM ""aka_name"" LEFT JOIN ""name"" ON ""aka_name"".""person_id"" = ""name"".""id"" LEFT JOIN ""person_info"" ON ""name"".""id"" = ""person_info"".""person_id"" LEFT JOIN ""cast_info"" ON ""name"".""id"" = ""cast_info"".""person_id"" LEFT JOIN ""char_name"" ON ""cast_info"".""person_role_id"" = ""char_name"".""id"" LEFT JOIN ""title"" ON ""cast_info"".""movie_id"" = ""title"".""id"" LEFT JOIN ""movie_companies"" ON ""title"".""id"" = ""movie_companies"".""movie_id"" LEFT JOIN ""movie_info_idx"" ON ""title"".""id"" = ""movie_info_idx"".""movie_id"" LEFT JOIN ""role_type"" ON ""cast_info"".""role_id"" = ""role_type"".""id"" LEFT JOIN ""info_type"" ON ""person_info"".""info_type_id"" = ""info_type"".""id"" LEFT JOIN ""company_name"" ON ""movie_companies"".""company_id"" = ""company_name"".""id"" LEFT JOIN ""aka_title"" ON ""title"".""id"" = ""aka_title"".""movie_id"" LEFT JOIN ""movie_keyword"" ON ""title"".""id"" = ""movie_keyword"".""movie_id"" LEFT JOIN ""keyword"" ON ""movie_keyword"".""keyword_id"" = ""keyword"".""id"" LEFT JOIN ""complete_cast"" ON ""title"".""id"" = ""complete_cast"".""movie_id"" LEFT JOIN ""comp_cast_type"" ON ""complete_cast"".""subject_id"" = ""comp_cast_type"".""id"" LEFT JOIN ""movie_info"" ON ""info_type"".""id"" = ""movie_info"".""info_type_id"" WHERE ""title"".""imdb_index"" BETWEEN 'IV' AND 'XXIV' AND ""movie_info_idx"".""info"" BETWEEN '.....23010' AND '9997' AND ""info_type"".""info"" BETWEEN 'LD additional information' AND 'where now' AND ""movie_companies"".""note"" BETWEEN '(1911) (USA) (theatrical)' AND 'co-production)' AND ""complete_cast"".""status_id"" BETWEEN 3 AND 4 AND ""comp_cast_type"".""kind"" BETWEEN 'cast' AND 'crew' AND ""movie_info"".""note"" BETWEEN '(Berlin International Film Festival)' AND 'ôtre k''ôtre' AND ""person_info"".""note"" BETWEEN 'Gary Brumburgh / gr-home@pacbell.net' AND 'Ünsal Babayigit' AND ""name"".""name_pcode_nf"" BETWEEN 'A2621' AND 'Z6565' AND ""char_name"".""name_pcode_nf"" BETWEEN 'A252' AND 'Z6565' AND ""role_type"".""role"" BETWEEN 'actor' AND 'writer' AND ""company_name"".""country_code"" BETWEEN '[at]' AND '[zw]' AND ""aka_title"".""note"" BETWEEN '(Australia) (rerun title)' AND '(working ttitle)' AND ""aka_name"".""name"" BETWEEN 'Afzelius, Kick' AND 'üNal, Emre' AND ""keyword"".""keyword"" BETWEEN 'acidosis' AND 'øresund' AND ""cast_info"".""nr_order"" BETWEEN 0 AND 1115798165;"
29b.sql,16,745082582,aka_name|aka_title|cast_info|char_name|comp_cast_type|complete_cast|info_type|keyword|link_type|movie_info|movie_info_idx|movie_keyword|movie_link|name|person_info|role_type|title,17,042f1cca,ok,"SELECT DISTINCT ON(""aka_name"".""id"") ""aka_name"".""md5sum"" FROM ""aka_name"" LEFT JOIN ""name"" ON ""aka_name"".""person_id"" = ""name"".""id"" LEFT JOIN ""person_info"" ON ""name"".""id"" = ""person_info"".""person_id"" LEFT JOIN ""info_type"" ON ""person_info"".""info_type_id"" = ""info_type"".""id"" LEFT JOIN ""movie_info_idx"" ON ""info_type"".""id"" = ""movie_info_idx"".""info_type_id"" LEFT JOIN ""cast_info"" ON ""name"".""id"" = ""cast_info"".""person_id"" LEFT JOIN ""title"" ON ""cast_info"".""movie_id"" = ""title"".""id"" LEFT JOIN ""movie_link"" ON ""title"".""id"" = ""movie_link"".""movie_id"" LEFT JOIN ""movie_info"" ON ""title"".""id"" = ""movie_info"".""movie_id"" LEFT JOIN ""aka_title"" ON ""title"".""id"" = ""aka_title"".""movie_id"" LEFT JOIN ""movie_keyword"" ON ""title"".""id"" = ""movie_keyword"".""movie_id"" LEFT JOIN ""role_type"" ON ""cast_info"".""role_id"" = ""role_type"".""id"" LEFT JOIN ""link_type"" ON ""movie_link"".""link_type_id"" = ""link_type"".""id"" LEFT JOIN ""complete_cast"" ON ""title"".""id"" = ""complete_cast"".""movie_id"" LEFT JOIN ""comp_cast_type"" ON ""complete_cast"".""subject_id"" = ""comp_cast_type"".""id"" LEFT JOIN ""char_name"" ON ""cast_info"".""person_role_id"" = ""char_name"".""id"" LEFT JOIN ""keyword"" ON ""movie_keyword"".""keyword_id"" = ""keyword"".""id"" WHERE ""movie_info"".""info"" BETWEEN '$25,000' AND '€ 999,554 (Belgium) (25 March 2007)' AND ""link_type"".""link"" BETWEEN 'alternate language version of' AND 'version of' AND ""char_name"".""name_pcode_nf"" BETWEEN 'A252' AND 'Z6565' AND ""movie_link"".""linked_movie_id"" BETWEEN 11104 AND 2524994 AND ""complete_cast"".""status_id"" BETWEEN 3 AND 4 AND ""aka_name"".""name_pcode_cf"" BETWEEN 'A254' AND 'Z6565' AND ""keyword"".""phonetic_code"" BETWEEN 'A2364' AND 'Z653' AND ""info_type"".""info"" BETWEEN 'LD additional information' AND 'where now' AND ""aka_title"".""md5sum"" BETWEEN '0295f180951ddef467f872957d8b8705' AND 'ffffed51d8d1764c844259b95f49853e' AND ""comp_cast_type"".""kind"" BETWEEN 'cast' AND 'crew' AND ""cast_info"".""nr_order"" BETWEEN 0 AND 1115798165 AND ""role_type"".""role"" BETWEEN 'actor' AND 'writer' AND ""title"".""episode_nr"" BETWEEN 1 AND 91821 AND ""person_info"".""note"" BETWEEN 'Gary Brumburgh / gr-home@pacbell.net' AND 'Ünsal Babayigit' AND ""name"".""surname_pcode"" BETWEEN 'A32' AND 'Z656' AND ""movie_info_idx"".""info"" BETWEEN '.....23010' AND '9997';"
29c.sql,16,745082582,aka_name|aka_title|cast_info|char_name|company_name|complete_cast|info_type|kind_type|movie_companies|movie_info|movie_info_idx|movie_keyword|movie_link|name|person_info|role_type|title,17,a5f0819b,ok,"SELECT DISTINCT ON(""aka_name"".""id"") ""aka_name"".""name"" FROM ""aka_name"" LEFT JOIN ""name"" ON ""aka_name"".""person_id"" = ""name"".""id"" LEFT JOIN ""cast_info"" ON ""name"".""id"" = ""cast_info"".""person_id"" LEFT JOIN ""role_type"" ON ""cast_info"".""role_id"" = ""role_type"".""id"" LEFT JOIN ""char_name"" ON ""cast_info"".""person_role_id"" = ""char_name"".""id"" LEFT JOIN ""person_info"" ON ""name"".""id"" = ""person_info"".""person_id"" LEFT JOIN ""info_type"" ON ""person_info"".""info_type_id"" = ""info_type"".""id"" LEFT JOIN ""movie_info"" ON ""info_type"".""id"" = ""movie_info"".""info_type_id"" LEFT JOIN ""movie_info_idx"" ON ""info_type"".""id"" = ""movie_info_idx"".""info_type_id"" LEFT JOIN ""title"" ON ""movie_info_idx"".""movie_id"" = ""title"".""id"" LEFT JOIN ""movie_companies"" ON ""title"".""id"" = ""movie_companies"".""movie_id"" LEFT JOIN ""kind_type"" ON ""title"".""kind_id"" = ""kind_type"".""id"" LEFT JOIN ""aka_title"" ON ""kind_type"".""id"" = ""aka_title"".""kind_id"" LEFT JOIN ""movie_link"" ON ""title"".""id"" = ""movie_link"".""movie_id"" LEFT JOIN ""company_name"" ON ""movie_companies"".""company_id"" = ""company_name"".""id"" LEFT JOIN ""complete_cast"" ON ""title"".""id"" = ""complete_cast"".""movie_id"" LEFT JOIN ""movie_keyword"" ON ""title"".""id"" = ""movie_keyword"".""movie_id"" WHERE ""title"".""episode_nr"" BETWEEN 1 AND 91821 AND ""info_type"".""info"" BETWEEN 'LD additional information' AND 'where now' AND ""movie_info_idx"".""info"" BETWEEN '.....23010' AND '9997' AND ""movie_companies"".""note"" BETWEEN '(1911) (USA) (theatrical)' AND 'co-production)' AND ""complete_cast"".""status_id"" BETWEEN 3 AND 4 AND ""kind_type"".""kind"" BETWEEN 'episode' AND 'video movie' AND ""movie_info"".""note"" BETWEEN '(Berlin International Film Festival)' AND 'ôtre k''ôtre' AND ""person_info"".""note"" BETWEEN 'Gary Brumburgh / gr-home@pacbell.net' AND 'Ünsal Babayigit' AND ""name"".""gender"" BETWEEN 'f' AND 'm' AND ""char_name"".""imdb_index"" BETWEEN 'M' AND 'M' AND ""role_type"".""role"" BETWEEN 'actor' AND 'writer' AND ""aka_title"".""phonetic_code"" BETWEEN 'A1652' AND 'Z6564' AND ""movie_link"".""linked_movie_id"" BETWEEN 11104 AND 2524994 AND ""aka_name"".""surname_pcode"" BETWEEN 'A362' AND 'Z656' AND ""company_name"".""md5sum"" BETWEEN '0297e5ec22db809e0ff2b2ac09985ab9' AND 'ffff4e2362f22b10d3ac911e2f963b2a' AND ""cast_info"".""nr_order"" BETWEEN 0 AND 1115798165;"
2a.sql,4,68207896,company_name|company_type|movie_companies|movie_info|title,5,e654f091,ok,"SELECT DISTINCT ON(""company_name"".""id"") ""company_name"".""id"" FROM ""company_name"" LEFT JOIN ""movie_companies"" ON ""company_name"".""id"" = ""movie_companies"".""company_id"" LEFT JOIN ""company_type"" ON ""movie_companies"".""company_type_id"" = ""company_type"".""id"" LEFT JOIN ""title"" ON ""movie_companies"".""movie_id"" = ""title"".""id"" LEFT JOIN ""movie_info"" ON ""title"".""id"" = ""movie_info"".""movie_id"" WHERE ""movie_info"".""note"" BETWEEN '(Berlin International Film Festival)' AND 'ôtre k''ôtre' AND ""company_name"".""md5sum"" BETWEEN '0297e5ec22db809e0ff2b2ac09985ab9' AND 'ffff4e2362f22b10d3ac911e2f963b2a' AND ""company_type"".""kind"" BETWEEN 'distributors' AND 'special effects companies' AND ""title"".""title"" BETWEEN '(#1.10964)' AND 'üç' AND ""movie_companies"".""note"" BETWEEN '(1911) (USA) (theatrical)' AND 'co-production)';"
2b.sql,4,68207896,cast_info|company_name|company_type|movie_companies|title,5,f0369df2,ok,"SELECT DISTINCT ON(""company_name"".""id"") ""company_name"".""country_code"" FROM ""company_name"" LEFT JOIN ""movie_companies"" ON ""company_name"".""id"" = ""movie_companies"".""company_id"" LEFT JOIN ""company_type"" ON ""movie_companies"".""company_type_id"" = ""company_type"".""id"" LEFT JOIN ""title"" ON ""movie_companies"".""movie_id"" = ""title"".""id"" LEFT JOIN ""cast_info"" ON ""title"".""id"" = ""cast_info"".""movie_id"" WHERE ""title"".""imdb_index"" BETWEEN 'IV' AND 'XXIV' AND ""movie_companies"".""note"" BETWEEN '(1911) (USA) (theatrical)' AND 'co-production)' AND ""company_type"".""kind"" BETWEEN 'distributors' AND 'special effects companies' AND ""company_name"".""name_pcode_nf"" BETWEEN 'A2121' AND 'Z6543' AND ""cast_info"".""note"" BETWEEN '(advisor) (as Dan Carter)' AND '(épouse de Raymond)';"
2c.sql,4,68207896,company_name|company_type|movie_companies|movie_info_idx|title,5,50c3c28d,ok,"SELECT DISTINCT ON(""company_name"".""id"") ""company_name"".""md5sum"" FROM ""company_name"" LEFT JOIN ""movie_companies"" ON ""company_name"".""id"" = ""movie_companies"".""company_id"" LEFT JOIN ""company_type"" ON ""movie_companies"".""company_type_id"" = ""company_type"".""id"" LEFT JOIN ""title"" ON ""movie_companies"".""movie_id"" = ""title"".""id"" LEFT JOIN ""movie_info_idx"" ON ""title"".""id"" = ""movie_info_idx"".""movie_id"" WHERE ""company_name"".""name_pcode_sf"" BETWEEN 'A2145' AND 'Z6543' AND ""company_type"".""kind"" BETWEEN 'distributors' AND 'special effects companies' AND ""title"".""series_years"" BETWEEN '1991-????' AND '????' AND ""movie_info_idx"".""info"" BETWEEN '.....23010' AND '9997' AND ""movie_companies"".""note"" BETWEEN '(1911) (USA) (theatrical)' AND 'co-production)';"
2d.sql,4,68207896,company_name|kind_type|movie_companies|movie_link|title,5,70277c4d,ok,"SELECT DISTINCT ON(""company_name"".""id"") ""company_name"".""name_pcode_sf"" FROM ""company_name"" LEFT JOIN ""movie_companies"" ON ""company_name"".""id"" = ""movie_companies"".""company_id"" LEFT JOIN ""title"" ON ""movie_companies"".""movie_id"" = ""title"".""id"" LEFT JOIN ""movie_link"" ON ""title"".""id"" = ""movie_link"".""movie_id"" LEFT JOIN ""kind_type"" ON ""title"".""kind_id"" = ""kind_type"".""id"" WHERE ""title"".""md5sum"" BETWEEN '0296d2b20235be36849d015e34d80f2c' AND 'fffffec1b13bc6af69f56864884364e4' AND ""movie_companies"".""note"" BETWEEN '(1911) (USA) (theatrical)' AND 'co-production)' AND ""kind_type"".""kind"" BETWEEN 'episode' AND 'video movie' AND ""movie_link"".""linked_movie_id"" BETWEEN 11104 AND 2524994 AND ""company_name"".""md5sum"" BETWEEN '0297e5ec22db809e0ff2b2ac09985ab9' AND 'ffff4e2362f22b10d3ac911e2f963b2a';"
30a.sql,11,616588730,aka_title|cast_info|char_name|comp_cast_type|company_name|complete_cast|link_type|movie_companies|movie_info_idx|movie_link|role_type|title,12,d7b1c7b4,ok,"SELECT DISTINCT ON(""complete_cast"".""id"") ""complete_cast"".""movie_id"" FROM ""complete_cast"" LEFT JOIN ""comp_cast_type"" ON ""complete_cast"".""subject_id"" = ""comp_cast_type"".""id"" LEFT JOIN ""title"" ON ""complete_cast"".""movie_id"" = ""title"".""id"" LEFT JOIN ""cast_info"" ON ""title"".""id"" = ""cast_info"".""movie_id"" LEFT JOIN ""movie_info_idx"" ON ""title"".""id"" = ""movie_info_idx"".""movie_id"" LEFT JOIN ""char_name"" ON ""cast_info"".""person_role_id"" = ""char_name"".""id"" LEFT JOIN ""movie_companies"" ON ""title"".""id"" = ""movie_companies"".""movie_id"" LEFT JOIN ""company_name"" ON ""movie_companies"".""company_id"" = ""company_name"".""id"" LEFT JOIN ""aka_title"" ON ""title"".""id"" = ""aka_title"".""movie_id"" LEFT JOIN ""movie_link"" ON ""title"".""id"" = ""movie_link"".""movie_id"" LEFT JOIN ""link_type"" ON ""movie_link"".""link_type_id"" = ""link_type"".""id"" LEFT JOIN ""role_type"" ON ""cast_info"".""role_id"" = ""role_type"".""id"" WHERE ""link_type"".""link"" BETWEEN 'alternate language version of' AND 'version of' AND ""char_name"".""imdb_index"" BETWEEN 'M' AND 'M' AND ""complete_cast"".""status_id"" BETWEEN 3 AND 4 AND ""movie_link"".""linked_movie_id"" BETWEEN 11104 AND 2524994 AND ""title"".""episode_of_id"" BETWEEN 15711 AND 2528186 AND ""company_name"".""country_code"" BETWEEN '[at]' AND '[zw]' AND ""aka_title"".""md5sum"" BETWEEN '0295f180951ddef467f872957d8b8705' AND 'ffffed51d8d1764c844259b95f49853e' AND ""cast_info"".""nr_order"" BETWEEN 0 AND 1115798165 AND ""role_type"".""role"" BETWEEN 'actor' AND 'writer' AND ""comp_cast_type"".""kind"" BETWEEN 'cast' AND 'crew' AND ""movie_info_idx"".""info"" BETWEEN '.....23010' AND '9997' AND ""movie_companies"".""note"" BETWEEN '(1911) (USA) (theatrical)' AND 'co-production)';"
30b.sql,11,616588730,aka_title|comp_cast_type|complete_cast|info_type|keyword|kind_type|link_type|movie_companies|movie_info_idx|movie_keyword|movie_link|title,12,03bc3c44,ok,"SELECT DISTINCT ON(""complete_cast"".""id"") ""complete_cast"".""subject_id"" FROM ""complete_cast"" LEFT JOIN ""comp_cast_type"" ON ""complete_cast"".""subject_id"" = ""comp_cast_type"".""id"" LEFT JOIN ""title"" ON ""complete_cast"".""movie_id"" = ""title"".""id"" LEFT JOIN ""movie_link"" ON ""title"".""id"" = ""movie_link"".""movie_id"" LEFT JOIN ""movie_keyword"" ON ""title"".""id"" = ""movie_keyword"".""movie_id"" LEFT JOIN ""movie_companies"" ON ""title"".""id"" = ""movie_companies"".""movie_id"" LEFT JOIN ""link_type"" ON ""movie_link"".""link_type_id"" = ""link_type"".""id"" LEFT JOIN ""aka_title"" ON ""title"".""id"" = ""aka_title"".""movie_id"" LEFT JOIN ""keyword"" ON ""movie_keyword"".""keyword_id"" = ""keyword"".""id"" LEFT JOIN ""kind_type"" ON ""aka_title"".""kind_id"" = ""kind_type"".""id"" LEFT JOIN ""movie_info_idx"" ON ""title"".""id"" = ""movie_info_idx"".""movie_id"" LEFT JOIN ""info_type"" ON ""movie_info_idx"".""info_type_id"" = ""info_type"".""id"" WHERE ""title"".""imdb_index"" BETWEEN 'IV' AND 'XXIV' AND ""movie_info_idx"".""info"" BETWEEN '.....23010' AND '9997' AND ""link_type"".""link"" BETWEEN 'alternate language version of' AND 'version of' AND ""movie_companies"".""note"" BETWEEN '(1911) (USA) (theatrical)' AND 'co-production)' AND ""info_type"".""info"" BETWEEN 'LD additional information' AND 'where now' AND ""kind_type"".""kind"" BETWEEN 'episode' AND 'video movie' AND ""comp_cast_type"".""kind"" BETWEEN 'cast' AND 'crew' AND ""aka_title"".""season_nr"" BETWEEN 1 AND 63 AND ""keyword"".""phonetic_code"" BETWEEN 'A2364' AND 'Z653' AND ""movie_link"".""linked_movie_id"" BETWEEN 11104 AND 2524994 AND ""complete_cast"".""status_id"" BETWEEN 3 AND 4;"
30c.sql,11,616588730,aka_title|cast_info|comp_cast_type|complete_cast|info_type|kind_type|movie_companies|movie_info|movie_info_idx|name|person_info|title,12,5754c56e,ok,"SELECT DISTINCT ON(""complete_cast"".""id"") ""complete_cast"".""movie_id"" FROM ""complete_cast"" LEFT JOIN ""title"" ON ""complete_cast"".""movie_id"" = ""title"".""id"" LEFT JOIN ""kind_type"" ON ""title"".""kind_id"" = ""kind_type"".""id"" LEFT JOIN ""movie_info_idx"" ON ""title"".""id"" = ""movie_info_idx"".""movie_id"" LEFT JOIN ""movie_info"" ON ""title"".""id"" = ""movie_info"".""movie_id"" LEFT JOIN ""info_type"" ON ""movie_info"".""info_type_id"" = ""info_type"".""id"" LEFT JOIN ""person_info"" ON ""info_type"".""id"" = ""person_info"".""info_type_id"" LEFT JOIN ""comp_cast_type"" ON ""complete_cast"".""subject_id"" = ""comp_cast_type"".""id"" LEFT JOIN ""aka_title"" ON ""title"".""id"" = ""aka_title"".""movie_id"" LEFT JOIN ""movie_companies"" ON ""title"".""id"" = ""movie_companies"".""movie_id"" LEFT JOIN ""name"" ON ""person_info"".""person_id"" = ""name"".""id"" LEFT JOIN ""cast_info"" ON ""title"".""id"" = ""cast_info"".""movie_id"" WHERE ""movie_info"".""note"" BETWEEN '(Berlin International Film Festival)' AND 'ôtre k''ôtre' AND ""complete_cast"".""status_id"" BETWEEN 3 AND 4 AND ""person_info"".""note"" BETWEEN 'Gary Brumburgh / gr-home@pacbell.net' AND 'Ünsal Babayigit' AND ""info_type"".""info"" BETWEEN 'LD additional information' AND 'where now' AND ""comp_cast_type"".""kind"" BETWEEN 'cast' AND 'crew' AND ""aka_title"".""episode_of_id"" BETWEEN 465 AND 25391 AND ""cast_info"".""nr_order"" BETWEEN 0 AND 1115798165 AND ""title"".""title"" BETWEEN '(#1.10964)' AND 'üç' AND ""kind_type"".""kind"" BETWEEN 'episode' AND 'video movie' AND ""name"".""imdb_index"" BETWEEN 'I' AND 'XXXVIII' AND ""movie_info_idx"".""info"" BETWEEN '.....23010' AND '9997' AND ""movie_companies"".""note"" BETWEEN '(1911) (USA) (theatrical)' AND 'co-production)';"
31a.sql,10,639271380,aka_name|aka_title|cast_info|char_name|kind_type|movie_info|movie_link|name|person_info|role_type|title,11,0cefe867,ok,"SELECT DISTINCT ON(""cast_info"".""id"") ""cast_info"".""person_id"" FROM ""cast_info"" LEFT JOIN ""char_name"" ON ""cast_info"".""person_role_id"" = ""char_name"".""id"" LEFT JOIN ""name"" ON ""cast_info"".""person_id"" = ""name"".""id"" LEFT JOIN ""aka_name"" ON ""name"".""id"" = ""aka_name"".""person_id"" LEFT JOIN ""title"" ON ""cast_info"".""movie_id"" = ""title"".""id"" LEFT JOIN ""kind_type"" ON ""title"".""kind_id"" = ""kind_type"".""id"" LEFT JOIN ""person_info"" ON ""name"".""id"" = ""person_info"".""person_id"" LEFT JOIN ""role_type"" ON ""cast_info"".""role_id"" = ""role_type"".""id"" LEFT JOIN ""aka_title"" ON ""kind_type"".""id"" = ""aka_title"".""kind_id"" LEFT JOIN ""movie_info"" ON ""title"".""id"" = ""movie_info"".""movie_id"" LEFT JOIN ""movie_link"" ON ""title"".""id"" = ""movie_link"".""movie_id"" WHERE ""title"".""episode_of_id"" BETWEEN 15711 AND 2528186 AND ""kind_type"".""kind"" BETWEEN 'episode' AND 'video movie' AND ""movie_info"".""note"" BETWEEN '(Berlin International Film Festival)' AND 'ôtre k''ôtre' AND ""person_info"".""info"" BETWEEN '""Celebrity Sleuth"" (USA), 2004, Iss. 35' AND 'Þórsson, Sindri Eldon' AND ""name"".""name"" BETWEEN 'Akhurst, Veronica' AND 'þórhallsson, Þórhallur' AND ""char_name"".""name_pcode_nf"" BETWEEN 'A252' AND 'Z6565' AND ""role_type"".""role"" BETWEEN 'actor' AND 'writer' AND ""aka_title"".""note"" BETWEEN '(Australia) (rerun title)' AND '(working ttitle)' AND ""movie_link"".""linked_movie_id"" BETWEEN 11104 AND 2524994 AND ""aka_name"".""name_pcode_nf"" BETWEEN 'A3415' AND 'Z6565' AND ""cast_info"".""nr_order"" BETWEEN 0 AND 1115798165;"
31b.sql,10,639271380,aka_title|cast_info|char_name|link_type|movie_companies|movie_keyword|movie_link|name|person_info|role_type|title,11,fa50b538,ok,"SELECT DISTINCT ON(""cast_info"".""id"") ""cast_info"".""role_id"" FROM ""cast_info"" LEFT JOIN ""name"" ON ""cast_info"".""person_id"" = ""name"".""id"" LEFT JOIN ""title"" ON ""cast_info"".""movie_id"" = ""title"".""id"" LEFT JOIN ""movie_keyword"" ON ""title"".""id"" = ""movie_keyword"".""movie_id"" LEFT JOIN ""char_name"" ON ""cast_info"".""person_role_id"" = ""char_name"".""id"" LEFT JOIN ""movie_link"" ON ""title"".""id"" = ""movie_link"".""movie_id"" LEFT JOIN ""person_info"" ON ""name"".""id"" = ""person_info"".""person_id"" LEFT JOIN ""role_type"" ON ""cast_info"".""role_id"" = ""role_type"".""id"" LEFT JOIN ""link_type"" ON ""movie_link"".""link_type_id"" = ""link_type"".""id"" LEFT JOIN ""aka_title"" ON ""title"".""id"" = ""aka_title"".""movie_id"" LEFT JOIN ""movie_companies"" ON ""title"".""id"" = ""movie_companies"".""movie_id"" WHERE ""link_type"".""link"" BETWEEN 'alternate language version of' AND 'version of' AND ""char_name"".""md5sum"" BETWEEN '02915d50d5e08da33b86102ae812b444' AND 'fffffa526fd5c372942d57a412a9a4fe' AND ""movie_link"".""linked_movie_id"" BETWEEN 11104 AND 2524994 AND ""aka_title"".""note"" BETWEEN '(Australia) (rerun title)' AND '(working ttitle)' AND ""cast_info"".""note"" BETWEEN '(advisor) (as Dan Carter)' AND '(épouse de Raymond)' AND ""role_type"".""role"" BETWEEN 'actor' AND 'writer' AND ""title"".""imdb_index"" BETWEEN 'IV' AND 'XXIV' AND ""person_info"".""note"" BETWEEN 'Gary Brumburgh / gr-home@pacbell.net' AND 'Ünsal Babayigit' AND ""name"".""gender"" BETWEEN 'f' AND 'm' AND ""movie_companies"".""note"" BETWEEN '(1911) (USA) (theatrical)' AND 'co-production)';"
31c.sql,10,639271380,cast_info|char_name|info_type|keyword|link_type|movie_info_idx|movie_keyword|movie_link|name|role_type|title,11,76d020d8,ok,"SELECT DISTINCT ON(""cast_info"".""id"") ""cast_info"".""role_id"" FROM ""cast_info"" LEFT JOIN ""role_type"" ON ""cast_info"".""role_id"" = ""role_type"".""id"" LEFT JOIN ""title"" ON ""cast_info"".""movie_id"" = ""title"".""id"" LEFT JOIN ""name"" ON ""cast_info"".""person_id"" = ""name"".""id"" LEFT JOIN ""movie_keyword"" ON ""title"".""id"" = ""movie_keyword"".""movie_id"" LEFT JOIN ""movie_info_idx"" ON ""title"".""id"" = ""movie_info_idx"".""movie_id"" LEFT JOIN ""keyword"" ON ""movie_keyword"".""keyword_id"" = ""keyword"".""id"" LEFT JOIN ""info_type"" ON ""movie_info_idx"".""info_type_id"" = ""info_type"".""id"" LEFT JOIN ""movie_link"" ON ""title"".""id"" = ""movie_link"".""movie_id"" LEFT JOIN ""link_type"" ON ""movie_link"".""link_type_id"" = ""link_type"".""id"" LEFT JOIN ""char_name"" ON ""cast_info"".""person_role_id"" = ""char_name"".""id"" WHERE ""title"".""production_year"" BETWEEN 1910 AND 2019 AND ""movie_info_idx"".""info"" BETWEEN '.....23010' AND '9997' AND ""info_type"".""info"" BETWEEN 'LD additional information' AND 'where now' AND ""link_type"".""link"" BETWEEN 'alternate language version of' AND 'version of' AND ""keyword"".""keyword"" BETWEEN 'acidosis' AND 'øresund' AND ""name"".""name"" BETWEEN 'Akhurst, Veronica' AND 'þórhallsson, Þórhallur' AND ""role_type"".""role"" BETWEEN 'actor' AND 'writer' AND ""movie_link"".""linked_movie_id"" BETWEEN 11104 AND 2524994 AND ""char_name"".""surname_pcode"" BETWEEN 'A2514' AND 'Z6562' AND ""cast_info"".""nr_order"" BETWEEN 0 AND 1115798165;"
32a.sql,5,45104918,cast_info|keyword|link_type|movie_keyword|movie_link|title,6,35e48268,ok,"SELECT DISTINCT ON(""keyword"".""id"") ""keyword"".""phonetic_code"" FROM ""keyword"" LEFT JOIN ""movie_keyword"" ON ""keyword"".""id"" = ""movie_keyword"".""keyword_id"" LEFT JOIN ""title"" ON ""movie_keyword"".""movie_id"" = ""title"".""id"" LEFT JOIN ""movie_link"" ON ""title"".""id"" = ""movie_link"".""movie_id"" LEFT JOIN ""cast_info"" ON ""title"".""id"" = ""cast_info"".""movie_id"" LEFT JOIN ""link_type"" ON ""movie_link"".""link_type_id"" = ""link_type"".""id"" WHERE ""link_type"".""link"" BETWEEN 'alternate language version of' AND 'version of' AND ""movie_link"".""linked_movie_id"" BETWEEN 11104 AND 2524994 AND ""keyword"".""phonetic_code"" BETWEEN 'A2364' AND 'Z653' AND ""cast_info"".""note"" BETWEEN '(advisor) (as Dan Carter)' AND '(épouse de Raymond)' AND ""title"".""title"" BETWEEN '(#1.10964)' AND 'üç';"
32b.sql,5,45104918,aka_title|complete_cast|keyword|movie_keyword|movie_link|title,6,6d71b77c,ok,"SELECT DISTINCT ON(""keyword"".""id"") ""keyword"".""id"" FROM ""keyword"" LEFT JOIN ""movie_keyword"" ON ""keyword"".""id"" = ""movie_keyword"".""keyword_id"" LEFT JOIN ""title"" ON ""movie_keyword"".""movie_id"" = ""title"".""id"" LEFT JOIN ""movie_link"" ON ""title"".""id"" = ""movie_link"".""movie_id"" LEFT JOIN ""complete_cast"" ON ""title"".""id"" = ""complete_cast"".""movie_id"" LEFT JOIN ""aka_title"" ON ""title"".""id"" = ""aka_title"".""movie_id"" WHERE ""title"".""md5sum"" BETWEEN '0296d2b20235be36849d015e34d80f2c' AND 'fffffec1b13bc6af69f56864884364e4' AND ""keyword"".""phonetic_code"" BETWEEN 'A2364' AND 'Z653' AND ""aka_title"".""imdb_index"" BETWEEN 'XII' AND 'XII' AND ""movie_link"".""linked_movie_id"" BETWEEN 11104 AND 2524994 AND ""complete_cast"".""status_id"" BETWEEN 3 AND 4;"
33a.sql,13,64723403,aka_title|cast_info|company_name|company_type|info_type|keyword|kind_type|movie_companies|movie_info|movie_info_idx|movie_keyword|movie_link|name|title,14,2558e1d2,ok,"SELECT DISTINCT ON(""company_name"".""id"") ""company_name"".""imdb_id"" FROM ""company_name"" LEFT JOIN ""movie_companies"" ON ""company_name"".""id"" = ""movie_companies"".""company_id"" LEFT JOIN ""title"" ON ""movie_companies"".""movie_id"" = ""title"".""id"" LEFT JOIN ""movie_info_idx"" ON ""title"".""id"" = ""movie_info_idx"".""movie_id"" LEFT JOIN ""movie_link"" ON ""title"".""id"" = ""movie_link"".""movie_id"" LEFT JOIN ""cast_info"" ON ""title"".""id"" = ""cast_info"".""movie_id"" LEFT JOIN ""name"" ON ""cast_info"".""person_id"" = ""name"".""id"" LEFT JOIN ""company_type"" ON ""movie_companies"".""company_type_id"" = ""company_type"".""id"" LEFT JOIN ""movie_keyword"" ON ""title"".""id"" = ""movie_keyword"".""movie_id"" LEFT JOIN ""kind_type"" ON ""title"".""kind_id"" = ""kind_type"".""id"" LEFT JOIN ""keyword"" ON ""movie_keyword"".""keyword_id"" = ""keyword"".""id"" LEFT JOIN ""aka_title"" ON ""kind_type"".""id"" = ""aka_title"".""kind_id"" LEFT JOIN ""info_type"" ON ""movie_info_idx"".""info_type_id"" = ""info_type"".""id"" LEFT JOIN ""movie_info"" ON ""title"".""id"" = ""movie_info"".""movie_id"" WHERE ""movie_info"".""note"" BETWEEN '(Berlin International Film Festival)' AND 'ôtre k''ôtre' AND ""movie_link"".""linked_movie_id"" BETWEEN 11104 AND 2524994 AND ""company_name"".""country_code"" BETWEEN '[at]' AND '[zw]' AND ""keyword"".""keyword"" BETWEEN 'acidosis' AND 'øresund' AND ""aka_title"".""imdb_index"" BETWEEN 'XII' AND 'XII' AND ""info_type"".""info"" BETWEEN 'LD additional information' AND 'where now' AND ""cast_info"".""note"" BETWEEN '(advisor) (as Dan Carter)' AND '(épouse de Raymond)' AND ""company_type"".""kind"" BETWEEN 'distributors' AND 'special effects companies' AND ""title"".""series_years"" BETWEEN '1991-????' AND '????' AND ""kind_type"".""kind"" BETWEEN 'episode' AND 'video movie' AND ""name"".""name_pcode_cf"" BETWEEN 'A2526' AND 'Z6565' AND ""movie_info_idx"".""info"" BETWEEN '.....23010' AND '9997' AND ""movie_companies"".""note"" BETWEEN '(1911) (USA) (theatrical)' AND 'co-production)';"
33b.sql,13,64723403,aka_title|comp_cast_type|company_name|company_type|complete_cast|info_type|keyword|kind_type|movie_companies|movie_info|movie_info_idx|movie_keyword|person_info|title,14,02503054,ok,"SELECT DISTINCT ON(""company_name"".""id"") ""company_name"".""country_code"" FROM ""company_name"" LEFT JOIN ""movie_companies"" ON ""company_name"".""id"" = ""movie_companies"".""company_id"" LEFT JOIN ""company_type"" ON ""movie_companies"".""company_type_id"" = ""company_type"".""id"" LEFT JOIN ""title"" ON ""movie_companies"".""movie_id"" = ""title"".""id"" LEFT JOIN ""movie_info"" ON ""title"".""id"" = ""movie_info"".""movie_id"" LEFT JOIN ""complete_cast"" ON ""title"".""id"" = ""complete_cast"".""movie_id"" LEFT JOIN ""movie_keyword"" ON ""title"".""id"" = ""movie_keyword"".""movie_id"" LEFT JOIN ""movie_info_idx"" ON ""title"".""id"" = ""movie_info_idx"".""movie_id"" LEFT JOIN ""keyword"" ON ""movie_keyword"".""keyword_id"" = ""keyword"".""id"" LEFT JOIN ""info_type"" ON ""movie_info_idx"".""info_type_id"" = ""info_type"".""id"" LEFT JOIN ""comp_cast_type"" ON ""complete_cast"".""subject_id"" = ""comp_cast_type"".""id"" LEFT JOIN ""aka_title"" ON ""title"".""id"" = ""aka_title"".""movie_id"" LEFT JOIN ""kind_type"" ON ""title"".""kind_id"" = ""kind_type"".""id"" LEFT JOIN ""person_info"" ON ""info_type"".""id"" = ""person_info"".""info_type_id"" WHERE ""title"".""md5sum"" BETWEEN '0296d2b20235be36849d015e34d80f2c' AND 'fffffec1b13bc6af69f56864884364e4' AND ""movie_info_idx"".""info"" BETWEEN '.....23010' AND '9997' AND ""info_type"".""info"" BETWEEN 'LD additional information' AND 'where now' AND ""movie_companies"".""note"" BETWEEN '(1911) (USA) (theatrical)' AND 'co-production)' AND ""complete_cast"".""status_id"" BETWEEN 3 AND 4 AND ""kind_type"".""kind"" BETWEEN 'episode' AND 'video movie' AND ""movie_info"".""note"" BETWEEN '(Berlin International Film Festival)' AND 'ôtre k''ôtre' AND ""comp_cast_type"".""kind"" BETWEEN 'cast' AND 'crew' AND ""company_type"".""kind"" BETWEEN 'distributors' AND 'special effects companies' AND ""keyword"".""keyword"" BETWEEN 'acidosis' AND 'øresund' AND ""aka_title"".""production_year"" BETWEEN 1905 AND 2016 AND ""person_info"".""info"" BETWEEN '""Celebrity Sleuth"" (USA), 2004, Iss. 35' AND 'Þórsson, Sindri Eldon' AND ""company_name"".""md5sum"" BETWEEN '0297e5ec22db809e0ff2b2ac09985ab9' AND 'ffff4e2362f22b10d3ac911e2f963b2a';"
33c.sql,13,64723403,aka_title|cast_info|company_name|company_type|complete_cast|keyword|kind_type|link_type|movie_companies|movie_info|movie_keyword|movie_link|name|title,14,a55003bd,ok,"SELECT DISTINCT ON(""company_name"".""id"") ""company_name"".""name_pcode_sf"" FROM ""company_name"" LEFT JOIN ""movie_companies"" ON ""company_name"".""id"" = ""movie_companies"".""company_id"" LEFT JOIN ""company_type"" ON ""movie_companies"".""company_type_id"" = ""company_type"".""id"" LEFT JOIN ""title"" ON ""movie_companies"".""movie_id"" = ""title"".""id"" LEFT JOIN ""movie_link"" ON ""title"".""id"" = ""movie_link"".""movie_id"" LEFT JOIN ""movie_keyword"" ON ""title"".""id"" = ""movie_keyword"".""movie_id"" LEFT JOIN ""link_type"" ON ""movie_link"".""link_type_id"" = ""link_type"".""id"" LEFT JOIN ""movie_info"" ON ""title"".""id"" = ""movie_info"".""movie_id"" LEFT JOIN ""keyword"" ON ""movie_keyword"".""keyword_id"" = ""keyword"".""id"" LEFT JOIN ""complete_cast"" ON ""title"".""id"" = ""complete_cast"".""movie_id"" LEFT JOIN ""kind_type"" ON ""title"".""kind_id"" = ""kind_type"".""id"" LEFT JOIN ""cast_info"" ON ""title"".""id"" = ""cast_info"".""movie_id"" LEFT JOIN ""name"" ON ""cast_info"".""person_id"" = ""name"".""id"" LEFT JOIN ""aka_title"" ON ""title"".""id"" = ""aka_title"".""movie_id"" WHERE ""link_type"".""link"" BETWEEN 'alternate language version of' AND 'version of' AND ""movie_info"".""note"" BETWEEN '(Berlin International Film Festival)' AND 'ôtre k''ôtre' AND ""movie_link"".""linked_movie_id"" BETWEEN 11104 AND 2524994 AND ""complete_cast"".""status_id"" BETWEEN 3 AND 4 AND ""company_name"".""md5sum"" BETWEEN '0297e5ec22db809e0ff2b2ac09985ab9' AND 'ffff4e2362f22b10d3ac911e2f963b2a' AND ""keyword"".""keyword"" BETWEEN 'acidosis' AND 'øresund' AND ""aka_title"".""note"" BETWEEN '(Australia) (rerun title)' AND '(working ttitle)' AND ""cast_info"".""note"" BETWEEN '(advisor) (as Dan Carter)' AND '(épouse de Raymond)' AND ""company_type"".""kind"" BETWEEN 'distributors' AND 'special effects companies' AND ""title"".""season_nr"" BETWEEN 1 AND 2013 AND ""kind_type"".""kind"" BETWEEN 'episode' AND 'video movie' AND ""name"".""gender"" BETWEEN 'f' AND 'm' AND ""movie_companies"".""note"" BETWEEN '(1911) (USA) (theatrical)' AND 'co-production)';"
3a.sql,3,341699294,keyword|movie_companies|movie_keyword|title,4,5d42aecd,ok,"SELECT DISTINCT ON(""keyword"".""id"") ""keyword"".""keyword"" FROM ""keyword"" LEFT JOIN ""movie_keyword"" ON ""keyword"".""id"" = ""movie_keyword"".""keyword_id"" LEFT JOIN ""title"" ON ""movie_keyword"".""movie_id"" = ""title"".""id"" LEFT JOIN ""movie_companies"" ON ""title"".""id"" = ""movie_companies"".""movie_id"" WHERE ""title"".""phonetic_code"" BETWEEN 'A2352' AND 'Z6565' AND ""keyword"".""keyword"" BETWEEN 'acidosis' AND 'øresund' AND ""movie_companies"".""note"" BETWEEN '(1911) (USA) (theatrical)' AND 'co-production)';"
3b.sql,3,341699294,keyword|movie_keyword|movie_link|title,4,dc6a9f3e,ok,"SELECT DISTINCT ON(""keyword"".""id"") ""keyword"".""phonetic_code"" FROM ""keyword"" LEFT JOIN ""movie_keyword"" ON ""keyword"".""id"" = ""movie_keyword"".""keyword_id"" LEFT JOIN ""title"" ON ""movie_keyword"".""movie_id"" = ""title"".""id"" LEFT JOIN ""movie_link"" ON ""title"".""id"" = ""movie_link"".""movie_id"" WHERE ""title"".""phonetic_code"" BETWEEN 'A2352' AND 'Z6565' AND ""keyword"".""keyword"" BETWEEN 'acidosis' AND 'øresund' AND ""movie_link"".""linked_movie_id"" BETWEEN 11104 AND 2524994;"
3c.sql,3,341699294,aka_title|keyword|movie_keyword|title,4,48b382f2,ok,"SELECT DISTINCT ON(""keyword"".""id"") ""keyword"".""id"" FROM ""keyword"" LEFT JOIN ""movie_keyword"" ON ""keyword"".""id"" = ""movie_keyword"".""keyword_id"" LEFT JOIN ""title"" ON ""movie_keyword"".""movie_id"" = ""title"".""id"" LEFT JOIN ""aka_title"" ON ""title"".""id"" = ""aka_title"".""movie_id"" WHERE ""title"".""title"" BETWEEN '(#1.10964)' AND 'üç' AND ""keyword"".""keyword"" BETWEEN 'acidosis' AND 'øresund' AND ""aka_title"".""episode_of_id"" BETWEEN 465 AND 25391;"
4a.sql,4,56025513,info_type|movie_info_idx|name|person_info|title,5,e20cb99d,ok,"SELECT DISTINCT ON(""info_type"".""id"") ""info_type"".""id"" FROM ""info_type"" LEFT JOIN ""movie_info_idx"" ON ""info_type"".""id"" = ""movie_info_idx"".""info_type_id"" LEFT JOIN ""person_info"" ON ""info_type"".""id"" = ""person_info"".""info_type_id"" LEFT JOIN ""title"" ON ""movie_info_idx"".""movie_id"" = ""title"".""id"" LEFT JOIN ""name"" ON ""person_info"".""person_id"" = ""name"".""id"" WHERE ""info_type"".""info"" BETWEEN 'LD additional information' AND 'where now' AND ""title"".""md5sum"" BETWEEN '0296d2b20235be36849d015e34d80f2c' AND 'fffffec1b13bc6af69f56864884364e4' AND ""person_info"".""note"" BETWEEN 'Gary Brumburgh / gr-home@pacbell.net' AND 'Ünsal Babayigit' AND ""name"".""name_pcode_cf"" BETWEEN 'A2526' AND 'Z6565' AND ""movie_info_idx"".""info"" BETWEEN '.....23010' AND '9997';"
4b.sql,4,56025513,info_type|movie_info_idx|name|person_info|title,5,d3c3078d,ok,"SELECT DISTINCT ON(""info_type"".""id"") ""info_type"".""info"" FROM ""info_type"" LEFT JOIN ""movie_info_idx"" ON ""info_type"".""id"" = ""movie_info_idx"".""info_type_id"" LEFT JOIN ""title"" ON ""movie_info_idx"".""movie_id"" = ""title"".""id"" LEFT JOIN ""person_info"" ON ""info_type"".""id"" = ""person_info"".""info_type_id"" LEFT JOIN ""name"" ON ""person_info"".""person_id"" = ""name"".""id"" WHERE ""title"".""md5sum"" BETWEEN '0296d2b20235be36849d015e34d80f2c' AND 'fffffec1b13bc6af69f56864884364e4' AND ""movie_info_idx"".""info"" BETWEEN '.....23010' AND '9997' AND ""info_type"".""info"" BETWEEN 'LD additional information' AND 'where now' AND ""person_info"".""note"" BETWEEN 'Gary Brumburgh / gr-home@pacbell.net' AND 'Ünsal Babayigit' AND ""name"".""md5sum"" BETWEEN '028f683477b8a4c79a33ff63cdc44581' AND 'fffff98a09c03b80a33d5f7ebc83006e';"
4c.sql,4,56025513,info_type|movie_info|movie_info_idx|person_info|title,5,3023dfcb,ok,"SELECT DISTINCT ON(""info_type"".""id"") ""info_type"".""id"" FROM ""info_type"" LEFT JOIN ""movie_info_idx"" ON ""info_type"".""id"" = ""movie_info_idx"".""info_type_id"" LEFT JOIN ""movie_info"" ON ""info_type"".""id"" = ""movie_info"".""info_type_id"" LEFT JOIN ""title"" ON ""movie_info"".""movie_id"" = ""title"".""id"" LEFT JOIN ""person_info"" ON ""info_type"".""id"" = ""person_info"".""info_type_id"" WHERE ""movie_info"".""note"" BETWEEN '(Berlin International Film Festival)' AND 'ôtre k''ôtre' AND ""info_type"".""info"" BETWEEN 'LD additional information' AND 'where now' AND ""title"".""md5sum"" BETWEEN '0296d2b20235be36849d015e34d80f2c' AND 'fffffec1b13bc6af69f56864884364e4' AND ""person_info"".""note"" BETWEEN 'Gary Brumburgh / gr-home@pacbell.net' AND 'Ünsal Babayigit' AND ""movie_info_idx"".""info"" BETWEEN '.....23010' AND '9997';"
5a.sql,4,347927523,company_name|company_type|kind_type|movie_companies|title,5,c319f511,ok,"SELECT DISTINCT ON(""company_type"".""id"") ""company_type"".""id"" FROM ""company_type"" LEFT JOIN ""movie_companies"" ON ""company_type"".""id"" = ""movie_companies"".""company_type_id"" LEFT JOIN ""title"" ON ""movie_companies"".""movie_id"" = ""title"".""id"" LEFT JOIN ""company_name"" ON ""movie_companies"".""company_id"" = ""company_name"".""id"" LEFT JOIN ""kind_type"" ON ""title"".""kind_id"" = ""kind_type"".""id"" WHERE ""title"".""series_years"" BETWEEN '1991-????' AND '????' AND ""movie_companies"".""note"" BETWEEN '(1911) (USA) (theatrical)' AND 'co-production)' AND ""kind_type"".""kind"" BETWEEN 'episode' AND 'video movie' AND ""company_type"".""kind"" BETWEEN 'distributors' AND 'special effects companies' AND ""company_name"".""name_pcode_nf"" BETWEEN 'A2121' AND 'Z6543';"
5b.sql,4,347927523,cast_info|company_type|complete_cast|movie_companies|title,5,742651e8,ok,"SELECT DISTINCT ON(""company_type"".""id"") ""company_type"".""id"" FROM ""company_type"" LEFT JOIN ""movie_companies"" ON ""company_type"".""id"" = ""movie_companies"".""company_type_id"" LEFT JOIN ""title"" ON ""movie_companies"".""movie_id"" = ""title"".""id"" LEFT JOIN ""cast_info"" ON ""title"".""id"" = ""cast_info"".""movie_id"" LEFT JOIN ""complete_cast"" ON ""title"".""id"" = ""complete_cast"".""movie_id"" WHERE ""complete_cast"".""status_id"" BETWEEN 3 AND 4 AND ""cast_info"".""nr_order"" BETWEEN 0 AND 1115798165 AND ""company_type"".""kind"" BETWEEN 'distributors' AND 'special effects companies' AND ""title"".""episode_of_id"" BETWEEN 15711 AND 2528186 AND ""movie_companies"".""note"" BETWEEN '(1911) (USA) (theatrical)' AND 'co-production)';"
5c.sql,4,347927523,company_name|company_type|movie_companies|movie_keyword|title,5,d6e273ca,ok,"SELECT DISTINCT ON(""company_type"".""id"") ""company_type"".""kind"" FROM ""company_type"" LEFT JOIN ""movie_companies"" ON ""company_type"".""id"" = ""movie_companies"".""company_type_id"" LEFT JOIN ""title"" ON ""movie_companies"".""movie_id"" = ""title"".""id"" LEFT JOIN ""movie_keyword"" ON ""title"".""id"" = ""movie_keyword"".""movie_id"" LEFT JOIN ""company_name"" ON ""movie_companies"".""company_id"" = ""company_name"".""id"" WHERE ""title"".""title"" BETWEEN '(#1.10964)' AND 'üç' AND ""movie_companies"".""note"" BETWEEN '(1911) (USA) (theatrical)' AND 'co-production)' AND ""company_type"".""kind"" BETWEEN 'distributors' AND 'special effects companies' AND ""company_name"".""country_code"" BETWEEN '[at]' AND '[zw]';"
6a.sql,4,308293359,cast_info|movie_keyword|name|role_type|title,5,dc1dde4e,ok,"SELECT DISTINCT ON(""cast_info"".""id"") ""cast_info"".""id"" FROM ""cast_info"" LEFT JOIN ""title"" ON ""cast_info"".""movie_id"" = ""title"".""id"" LEFT JOIN ""movie_keyword"" ON ""title"".""id"" = ""movie_keyword"".""movie_id"" LEFT JOIN ""role_type"" ON ""cast_info"".""role_id"" = ""role_type"".""id"" LEFT JOIN ""name"" ON ""cast_info"".""person_id"" = ""name"".""id"" WHERE ""role_type"".""role"" BETWEEN 'actor' AND 'writer' AND ""cast_info"".""note"" BETWEEN '(advisor) (as Dan Carter)' AND '(épouse de Raymond)' AND ""title"".""season_nr"" BETWEEN 1 AND 2013 AND ""name"".""name_pcode_nf"" BETWEEN 'A2621' AND 'Z6565';"
6b.sql,4,308293359,cast_info|complete_cast|kind_type|role_type|title,5,08684adc,ok,"SELECT DISTINCT ON(""cast_info"".""id"") ""cast_info"".""note"" FROM ""cast_info"" LEFT JOIN ""title"" ON ""cast_info"".""movie_id"" = ""title"".""id"" LEFT JOIN ""role_type"" ON ""cast_info"".""role_id"" = ""role_type"".""id"" LEFT JOIN ""complete_cast"" ON ""title"".""id"" = ""complete_cast"".""movie_id"" LEFT JOIN ""kind_type"" ON ""title"".""kind_id"" = ""kind_type"".""id"" WHERE ""title"".""series_years"" BETWEEN '1991-????' AND '????' AND ""kind_type"".""kind"" BETWEEN 'episode' AND 'video movie' AND ""role_type"".""role"" BETWEEN 'actor' AND 'writer' AND ""complete_cast"".""status_id"" BETWEEN 3 AND 4 AND ""cast_info"".""nr_order"" BETWEEN 0 AND 1115798165;"
6c.sql,4,308293359,aka_name|cast_info|char_name|name|person_info,5,95741566,ok,"SELECT DISTINCT ON(""cast_info"".""id"") ""cast_info"".""movie_id"" FROM ""cast_info"" LEFT JOIN ""name"" ON ""cast_info"".""person_id"" = ""name"".""id"" LEFT JOIN ""char_name"" ON ""cast_info"".""person_role_id"" = ""char_name"".""id"" LEFT JOIN ""aka_name"" ON ""name"".""id"" = ""aka_name"".""person_id"" LEFT JOIN ""person_info"" ON ""name"".""id"" = ""person_info"".""person_id"" WHERE ""char_name"".""name"" BETWEEN 'Abe Tyson' AND 'üzletember' AND ""aka_name"".""name"" BETWEEN 'Afzelius, Kick' AND 'üNal, Emre' AND ""cast_info"".""note"" BETWEEN '(advisor) (as Dan Carter)' AND '(épouse de Raymond)' AND ""person_info"".""note"" BETWEEN 'Gary Brumburgh / gr-home@pacbell.net' AND 'Ünsal Babayigit' AND ""name"".""name_pcode_cf"" BETWEEN 'A2526' AND 'Z6565';"
6d.sql,4,308293359,cast_info|char_name|name|role_type|title,5,8d36cc50,ok,"SELECT DISTINCT ON(""cast_info"".""id"") ""cast_info"".""role_id"" FROM ""cast_info"" LEFT JOIN ""char_name"" ON ""cast_info"".""person_role_id"" = ""char_name"".""id"" LEFT JOIN ""role_type"" ON ""cast_info"".""role_id"" = ""role_type"".""id"" LEFT JOIN ""name"" ON ""cast_info"".""person_id"" = ""name"".""id"" LEFT JOIN ""title"" ON ""cast_info"".""movie_id"" = ""title"".""id"" WHERE ""title"".""title"" BETWEEN '(#1.10964)' AND 'üç' AND ""name"".""name_pcode_cf"" BETWEEN 'A2526' AND 'Z6565' AND ""char_name"".""name_pcode_nf"" BETWEEN 'A252' AND 'Z6565' AND ""role_type"".""role"" BETWEEN 'actor' AND 'writer' AND ""cast_info"".""nr_order"" BETWEEN 0 AND 1115798165;"
6e.sql,4,308293359,cast_info|kind_type|movie_info|movie_info_idx|title,5,555f737b,ok,"SELECT DISTINCT ON(""cast_info"".""id"") ""cast_info"".""id"" FROM ""cast_info"" LEFT JOIN ""title"" ON ""cast_info"".""movie_id"" = ""title"".""id"" LEFT JOIN ""movie_info"" ON ""title"".""id"" = ""movie_info"".""movie_id"" LEFT JOIN ""kind_type"" ON ""title"".""kind_id"" = ""kind_type"".""id"" LEFT JOIN ""movie_info_idx"" ON ""title"".""id"" = ""movie_info_idx"".""movie_id"" WHERE ""movie_info"".""note"" BETWEEN '(Berlin International Film Festival)' AND 'ôtre k''ôtre' AND ""cast_info"".""note"" BETWEEN '(advisor) (as Dan Carter)' AND '(épouse de Raymond)' AND ""title"".""phonetic_code"" BETWEEN 'A2352' AND 'Z6565' AND ""kind_type"".""kind"" BETWEEN 'episode' AND 'video movie' AND ""movie_info_idx"".""info"" BETWEEN '.....23010' AND '9997';"
6f.sql,4,308293359,aka_name|cast_info|name|person_info|role_type,5,2dcd0550,ok,"SELECT DISTINCT ON(""cast_info"".""id"") ""cast_info"".""person_role_id"" FROM ""cast_info"" LEFT JOIN ""role_type"" ON ""cast_info"".""role_id"" = ""role_type"".""id"" LEFT JOIN ""name"" ON ""cast_info"".""person_id"" = ""name"".""id"" LEFT JOIN ""aka_name"" ON ""name"".""id"" = ""aka_name"".""person_id"" LEFT JOIN ""person_info"" ON ""name"".""id"" = ""person_info"".""person_id"" WHERE ""person_info"".""note"" BETWEEN 'Gary Brumburgh / gr-home@pacbell.net' AND 'Ünsal Babayigit' AND ""name"".""md5sum"" BETWEEN '028f683477b8a4c79a33ff63cdc44581' AND 'fffff98a09c03b80a33d5f7ebc83006e' AND ""role_type"".""role"" BETWEEN 'actor' AND 'writer' AND ""aka_name"".""name"" BETWEEN 'Afzelius, Kick' AND 'üNal, Emre' AND ""cast_info"".""nr_order"" BETWEEN 0 AND 1115798165;"
7a.sql,7,378676288,aka_name|cast_info|kind_type|movie_companies|name|person_info|role_type|title,8,ccbf5c9a,ok,"SELECT DISTINCT ON(""aka_name"".""id"") ""aka_name"".""person_id"" FROM ""aka_name"" LEFT JOIN ""name"" ON ""aka_name"".""person_id"" = ""name"".""id"" LEFT JOIN ""cast_info"" ON ""name"".""id"" = ""cast_info"".""person_id"" LEFT JOIN ""person_info"" ON ""name"".""id"" = ""person_info"".""person_id"" LEFT JOIN ""title"" ON ""cast_info"".""movie_id"" = ""title"".""id"" LEFT JOIN ""role_type"" ON ""cast_info"".""role_id"" = ""role_type"".""id"" LEFT JOIN ""movie_companies"" ON ""title"".""id"" = ""movie_companies"".""movie_id"" LEFT JOIN ""kind_type"" ON ""title"".""kind_id"" = ""kind_type"".""id"" WHERE ""aka_name"".""name_pcode_cf"" BETWEEN 'A254' AND 'Z6565' AND ""kind_type"".""kind"" BETWEEN 'episode' AND 'video movie' AND ""cast_info"".""nr_order"" BETWEEN 0 AND 1115798165 AND ""role_type"".""role"" BETWEEN 'actor' AND 'writer' AND ""title"".""production_year"" BETWEEN 1910 AND 2019 AND ""person_info"".""note"" BETWEEN 'Gary Brumburgh / gr-home@pacbell.net' AND 'Ünsal Babayigit' AND ""name"".""name"" BETWEEN 'Akhurst, Veronica' AND 'þórhallsson, Þórhallur' AND ""movie_companies"".""note"" BETWEEN '(1911) (USA) (theatrical)' AND 'co-production)';"
7b.sql,7,378676288,aka_name|cast_info|info_type|movie_info_idx|name|person_info|role_type|title,8,10e349ed,ok,"SELECT DISTINCT ON(""aka_name"".""id"") ""aka_name"".""name_pcode_cf"" FROM ""aka_name"" LEFT JOIN ""name"" ON ""aka_name"".""person_id"" = ""name"".""id"" LEFT JOIN ""person_info"" ON ""name"".""id"" = ""person_info"".""person_id"" LEFT JOIN ""info_type"" ON ""person_info"".""info_type_id"" = ""info_type"".""id"" LEFT JOIN ""cast_info"" ON ""name"".""id"" = ""cast_info"".""person_id"" LEFT JOIN ""title"" ON ""cast_info"".""movie_id"" = ""title"".""id"" LEFT JOIN ""role_type"" ON ""cast_info"".""role_id"" = ""role_type"".""id"" LEFT JOIN ""movie_info_idx"" ON ""title"".""id"" = ""movie_info_idx"".""movie_id"" WHERE ""title"".""md5sum"" BETWEEN '0296d2b20235be36849d015e34d80f2c' AND 'fffffec1b13bc6af69f56864884364e4' AND ""info_type"".""info"" BETWEEN 'LD additional information' AND 'where now' AND ""movie_info_idx"".""info"" BETWEEN '.....23010' AND '9997' AND ""person_info"".""info"" BETWEEN '""Celebrity Sleuth"" (USA), 2004, Iss. 35' AND 'Þórsson, Sindri Eldon' AND ""name"".""name"" BETWEEN 'Akhurst, Veronica' AND 'þórhallsson, Þórhallur' AND ""role_type"".""role"" BETWEEN 'actor' AND 'writer' AND ""aka_name"".""imdb_index"" BETWEEN 'IV' AND 'IV' AND ""cast_info"".""nr_order"" BETWEEN 0 AND 1115798165;"
7c.sql,7,378676288,aka_name|cast_info|char_name|complete_cast|movie_keyword|name|role_type|title,8,59ed3ea1,ok,"SELECT DISTINCT ON(""aka_name"".""id"") ""aka_name"".""id"" FROM ""aka_name"" LEFT JOIN ""name"" ON ""aka_name"".""person_id"" = ""name"".""id"" LEFT JOIN ""cast_info"" ON ""name"".""id"" = ""cast_info"".""person_id"" LEFT JOIN ""title"" ON ""cast_info"".""movie_id"" = ""title"".""id"" LEFT JOIN ""char_name"" ON ""cast_info"".""person_role_id"" = ""char_name"".""id"" LEFT JOIN ""movie_keyword"" ON ""title"".""id"" = ""movie_keyword"".""movie_id"" LEFT JOIN ""role_type"" ON ""cast_info"".""role_id"" = ""role_type"".""id"" LEFT JOIN ""complete_cast"" ON ""title"".""id"" = ""complete_cast"".""movie_id"" WHERE ""char_name"".""imdb_index"" BETWEEN 'M' AND 'M' AND ""complete_cast"".""status_id"" BETWEEN 3 AND 4 AND ""aka_name"".""imdb_index"" BETWEEN 'IV' AND 'IV' AND ""cast_info"".""nr_order"" BETWEEN 0 AND 1115798165 AND ""role_type"".""role"" BETWEEN 'actor' AND 'writer' AND ""title"".""production_year"" BETWEEN 1910 AND 2019 AND ""name"".""name_pcode_nf"" BETWEEN 'A2621' AND 'Z6565';"
8a.sql,6,327687351,aka_name|cast_info|char_name|info_type|name|person_info|title,7,9a9e76ab,ok,"SELECT DISTINCT ON(""aka_name"".""id"") ""aka_name"".""name"" FROM ""aka_name"" LEFT JOIN ""name"" ON ""aka_name"".""person_id"" = ""name"".""id"" LEFT JOIN ""person_info"" ON ""name"".""id"" = ""person_info"".""person_id"" LEFT JOIN ""cast_info"" ON ""name"".""id"" = ""cast_info"".""person_id"" LEFT JOIN ""char_name"" ON ""cast_info"".""person_role_id"" = ""char_name"".""id"" LEFT JOIN ""info_type"" ON ""person_info"".""info_type_id"" = ""info_type"".""id"" LEFT JOIN ""title"" ON ""cast_info"".""movie_id"" = ""title"".""id"" WHERE ""title"".""phonetic_code"" BETWEEN 'A2352' AND 'Z6565' AND ""info_type"".""info"" BETWEEN 'LD additional information' AND 'where now' AND ""person_info"".""note"" BETWEEN 'Gary Brumburgh / gr-home@pacbell.net' AND 'Ünsal Babayigit' AND ""name"".""surname_pcode"" BETWEEN 'A32' AND 'Z656' AND ""char_name"".""imdb_index"" BETWEEN 'M' AND 'M' AND ""aka_name"".""md5sum"" BETWEEN '0292cac958e7ccf97eb657f38ec21ee0' AND 'ffffe722e6e7c1a8ba1f66032fef9762' AND ""cast_info"".""note"" BETWEEN '(advisor) (as Dan Carter)' AND '(épouse de Raymond)';"
8b.sql,6,327687351,aka_name|cast_info|char_name|name|person_info|role_type|title,7,aa2605be,ok,"SELECT DISTINCT ON(""aka_name"".""id"") ""aka_name"".""imdb_index"" FROM ""aka_name"" LEFT JOIN ""name"" ON ""aka_name"".""person_id"" = ""name"".""id"" LEFT JOIN ""cast_info"" ON ""name"".""id"" = ""cast_info"".""person_id"" LEFT JOIN ""char_name"" ON ""cast_info"".""person_role_id"" = ""char_name"".""id"" LEFT JOIN ""person_info"" ON ""name"".""id"" = ""person_info"".""person_id"" LEFT JOIN ""role_type"" ON ""cast_info"".""role_id"" = ""role_type"".""id"" LEFT JOIN ""title"" ON ""cast_info"".""movie_id"" = ""title"".""id"" WHERE ""char_name"".""name"" BETWEEN 'Abe Tyson' AND 'üzletember' AND ""aka_name"".""surname_pcode"" BETWEEN 'A362' AND 'Z656' AND ""cast_info"".""note"" BETWEEN '(advisor) (as Dan Carter)' AND '(épouse de Raymond)' AND ""role_type"".""role"" BETWEEN 'actor' AND 'writer' AND ""title"".""imdb_index"" BETWEEN 'IV' AND 'XXIV' AND ""person_info"".""note"" BETWEEN 'Gary Brumburgh / gr-home@pacbell.net' AND 'Ünsal Babayigit' AND ""name"".""name"" BETWEEN 'Akhurst, Veronica' AND 'þórhallsson, Þórhallur';"
8c.sql,6,327687351,aka_name|cast_info|movie_link|name|person_info|role_type|title,7,3c315991,ok,"SELECT DISTINCT ON(""aka_name"".""id"") ""aka_name"".""name"" FROM ""aka_name"" LEFT JOIN ""name"" ON ""aka_name"".""person_id"" = ""name"".""id"" LEFT JOIN ""person_info"" ON ""name"".""id"" = ""person_info"".""person_id"" LEFT JOIN ""cast_info"" ON ""name"".""id"" = ""cast_info"".""person_id"" LEFT JOIN ""role_type"" ON ""cast_info"".""role_id"" = ""role_type"".""id"" LEFT JOIN ""title"" ON ""cast_info"".""movie_id"" = ""title"".""id"" LEFT JOIN ""movie_link"" ON ""title"".""id"" = ""movie_link"".""movie_id"" WHERE ""title"".""md5sum"" BETWEEN '0296d2b20235be36849d015e34d80f2c' AND 'fffffec1b13bc6af69f56864884364e4' AND ""person_info"".""info"" BETWEEN '""Celebrity Sleuth"" (USA), 2004, Iss. 35' AND 'Þórsson, Sindri Eldon' AND ""name"".""name_pcode_cf"" BETWEEN 'A2526' AND 'Z6565' AND ""role_type"".""role"" BETWEEN 'actor' AND 'writer' AND ""movie_link"".""linked_movie_id"" BETWEEN 11104 AND 2524994 AND ""aka_name"".""name"" BETWEEN 'Afzelius, Kick' AND 'üNal, Emre' AND ""cast_info"".""nr_order"" BETWEEN 0 AND 1115798165;"
8d.sql,6,327687351,aka_name|cast_info|char_name|info_type|name|person_info|role_type,7,76e6fb32,ok,"SELECT DISTINCT ON(""aka_name"".""id"") ""aka_name"".""surname_pcode"" FROM ""aka_name"" LEFT JOIN ""name"" ON ""aka_name"".""person_id"" = ""name"".""id"" LEFT JOIN ""person_info"" ON ""name"".""id"" = ""person_info"".""person_id"" LEFT JOIN ""cast_info"" ON ""name"".""id"" = ""cast_info"".""person_id"" LEFT JOIN ""char_name"" ON ""cast_info"".""person_role_id"" = ""char_name"".""id"" LEFT JOIN ""role_type"" ON ""cast_info"".""role_id"" = ""role_type"".""id"" LEFT JOIN ""info_type"" ON ""person_info"".""info_type_id"" = ""info_type"".""id"" WHERE ""char_name"".""name_pcode_nf"" BETWEEN 'A252' AND 'Z6565' AND ""aka_name"".""imdb_index"" BETWEEN 'IV' AND 'IV' AND ""info_type"".""info"" BETWEEN 'LD additional information' AND 'where now' AND ""cast_info"".""nr_order"" BETWEEN 0 AND 1115798165 AND ""role_type"".""role"" BETWEEN 'actor' AND 'writer' AND ""person_info"".""note"" BETWEEN 'Gary Brumburgh / gr-home@pacbell.net' AND 'Ünsal Babayigit' AND ""name"".""imdb_index"" BETWEEN 'I' AND 'XXXVIII';"
9a.sql,7,359090741,aka_name|cast_info|char_name|info_type|movie_info|movie_info_idx|name|person_info,8,4ab1c35b,ok,"SELECT DISTINCT ON(""aka_name"".""id"") ""aka_name"".""imdb_index"" FROM ""aka_name"" LEFT JOIN ""name"" ON ""aka_name"".""person_id"" = ""name"".""id"" LEFT JOIN ""person_info"" ON ""name"".""id"" = ""person_info"".""person_id"" LEFT JOIN ""cast_info"" ON ""name"".""id"" = ""cast_info"".""person_id"" LEFT JOIN ""char_name"" ON ""cast_info"".""person_role_id"" = ""char_name"".""id"" LEFT JOIN ""info_type"" ON ""person_info"".""info_type_id"" = ""info_type"".""id"" LEFT JOIN ""movie_info_idx"" ON ""info_type"".""id"" = ""movie_info_idx"".""info_type_id"" LEFT JOIN ""movie_info"" ON ""info_type"".""id"" = ""movie_info"".""info_type_id"" WHERE ""info_type"".""info"" BETWEEN 'LD additional information' AND 'where now' AND ""movie_info_idx"".""info"" BETWEEN '.....23010' AND '9997' AND ""movie_info"".""note"" BETWEEN '(Berlin International Film Festival)' AND 'ôtre k''ôtre' AND ""person_info"".""info"" BETWEEN '""Celebrity Sleuth"" (USA), 2004, Iss. 35' AND 'Þórsson, Sindri Eldon' AND ""name"".""imdb_index"" BETWEEN 'I' AND 'XXXVIII' AND ""char_name"".""surname_pcode"" BETWEEN 'A2514' AND 'Z6562' AND ""aka_name"".""name_pcode_nf"" BETWEEN 'A3415' AND 'Z6565' AND ""cast_info"".""nr_order"" BETWEEN 0 AND 1115798165;"
9b.sql,7,359090741,aka_name|cast_info|char_name|movie_keyword|name|person_info|role_type|title,8,f788254b,ok,"SELECT DISTINCT ON(""aka_name"".""id"") ""aka_name"".""person_id"" FROM ""aka_name"" LEFT JOIN ""name"" ON ""aka_name"".""person_id"" = ""name"".""id"" LEFT JOIN ""cast_info"" ON ""name"".""id"" = ""cast_info"".""person_id"" LEFT JOIN ""char_name"" ON ""cast_info"".""person_role_id"" = ""char_name"".""id"" LEFT JOIN ""role_type"" ON ""cast_info"".""role_id"" = ""role_type"".""id"" LEFT JOIN ""title"" ON ""cast_info"".""movie_id"" = ""title"".""id"" LEFT JOIN ""person_info"" ON ""name"".""id"" = ""person_info"".""person_id"" LEFT JOIN ""movie_keyword"" ON ""title"".""id"" = ""movie_keyword"".""movie_id"" WHERE ""char_name"".""imdb_index"" BETWEEN 'M' AND 'M' AND ""aka_name"".""name_pcode_cf"" BETWEEN 'A254' AND 'Z6565' AND ""cast_info"".""nr_order"" BETWEEN 0 AND 1115798165 AND ""role_type"".""role"" BETWEEN 'actor' AND 'writer' AND ""title"".""phonetic_code"" BETWEEN 'A2352' AND 'Z6565' AND ""person_info"".""info"" BETWEEN '""Celebrity Sleuth"" (USA), 2004, Iss. 35' AND 'Þórsson, Sindri Eldon' AND ""name"".""name_pcode_cf"" BETWEEN 'A2526' AND 'Z6565';"
9c.sql,7,359090741,aka_name|cast_info|info_type|kind_type|movie_info|name|person_info|title,8,d188c9d1,ok,"SELECT DISTINCT ON(""aka_name"".""id"") ""aka_name"".""person_id"" FROM ""aka_name"" LEFT JOIN ""name"" ON ""aka_name"".""person_id"" = ""name"".""id"" LEFT JOIN ""person_info"" ON ""name"".""id"" = ""person_info"".""person_id"" LEFT JOIN ""info_type"" ON ""person_info"".""info_type_id"" = ""info_type"".""id"" LEFT JOIN ""movie_info"" ON ""info_type"".""id"" = ""movie_info"".""info_type_id"" LEFT JOIN ""cast_info"" ON ""name"".""id"" = ""cast_info"".""person_id"" LEFT JOIN ""title"" ON ""movie_info"".""movie_id"" = ""title"".""id"" LEFT JOIN ""kind_type"" ON ""title"".""kind_id"" = ""kind_type"".""id"" WHERE ""title"".""season_nr"" BETWEEN 1 AND 2013 AND ""info_type"".""info"" BETWEEN 'LD additional information' AND 'where now' AND ""kind_type"".""kind"" BETWEEN 'episode' AND 'video movie' AND ""movie_info"".""info"" BETWEEN '$25,000' AND '€ 999,554 (Belgium) (25 March 2007)' AND ""person_info"".""note"" BETWEEN 'Gary Brumburgh / gr-home@pacbell.net' AND 'Ünsal Babayigit' AND ""name"".""surname_pcode"" BETWEEN 'A32' AND 'Z656' AND ""aka_name"".""md5sum"" BETWEEN '0292cac958e7ccf97eb657f38ec21ee0' AND 'ffffe722e6e7c1a8ba1f66032fef9762' AND ""cast_info"".""nr_order"" BETWEEN 0 AND 1115798165;"
9d.sql,7,359090741,aka_name|cast_info|kind_type|movie_info|name|person_info|role_type|title,8,7da56a75,ok,"SELECT DISTINCT ON(""aka_name"".""id"") ""aka_name"".""name_pcode_nf"" FROM ""aka_name"" LEFT JOIN ""name"" ON ""aka_name"".""person_id"" = ""name"".""id"" LEFT JOIN ""person_info"" ON ""name"".""id"" = ""person_info"".""person_id"" LEFT JOIN ""cast_info"" ON ""name"".""id"" = ""cast_info"".""person_id"" LEFT JOIN ""title"" ON ""cast_info"".""movie_id"" = ""title"".""id"" LEFT JOIN ""movie_info"" ON ""title"".""id"" = ""movie_info"".""movie_id"" LEFT JOIN ""role_type"" ON ""cast_info"".""role_id"" = ""role_type"".""id"" LEFT JOIN ""kind_type"" ON ""title"".""kind_id"" = ""kind_type"".""id"" WHERE ""movie_info"".""info"" BETWEEN '$25,000' AND '€ 999,554 (Belgium) (25 March 2007)' AND ""aka_name"".""surname_pcode"" BETWEEN 'A362' AND 'Z656' AND ""kind_type"".""kind"" BETWEEN 'episode' AND 'video movie' AND ""cast_info"".""nr_order"" BETWEEN 0 AND 1115798165 AND ""role_type"".""role"" BETWEEN 'actor' AND 'writer' AND ""title"".""season_nr"" BETWEEN 1 AND 2013 AND ""person_info"".""info"" BETWEEN '""Celebrity Sleuth"" (USA), 2004, Iss. 35' AND 'Þórsson, Sindri Eldon' AND ""name"".""name"" BETWEEN 'Akhurst, Veronica' AND 'þórhallsson, Þórhallur';"
fkindexes.sql,0,0,aka_name,1,0d9b7502,ok,"SELECT DISTINCT ON(""aka_name"".""id"") ""aka_name"".""imdb_index"" FROM ""aka_name"" WHERE ""aka_name"".""imdb_index"" BETWEEN 'IV' AND 'IV';"
schema.sql,0,0,aka_name,1,c9b85d5d,ok,"SELECT DISTINCT ON(""aka_name"".""id"") ""aka_name"".""imdb_index"" FROM ""aka_name"" WHERE ""aka_name"".""surname_pcode"" BETWEEN 'Z656' AND 'Z656';"
