query_file,join_count,bytes_read,target_tables,n_tables,query_hash,gen_status,sql
10a.sql,6,302432232,aka_title|cast_info|char_name|kind_type|movie_info|movie_keyword|title,7,c88dc312,ok,"SELECT DISTINCT ON(""char_name"".""id"") ""char_name"".""imdb_index"" FROM ""char_name"" LEFT JOIN ""cast_info"" ON ""char_name"".""id"" = ""cast_info"".""person_role_id"" LEFT JOIN ""title"" ON ""cast_info"".""movie_id"" = ""title"".""id"" LEFT JOIN ""kind_type"" ON ""title"".""kind_id"" = ""kind_type"".""id"" LEFT JOIN ""movie_keyword"" ON ""title"".""id"" = ""movie_keyword"".""movie_id"" LEFT JOIN ""aka_title"" ON ""kind_type"".""id"" = ""aka_title"".""kind_id"" LEFT JOIN ""movie_info"" ON ""title"".""id"" = ""movie_info"".""movie_id"" WHERE ""char_name"".""md5sum"" BETWEEN '02915d50d5e08da33b86102ae812b444' AND 'fffffa526fd5c372942d57a412a9a4fe' AND ""title"".""series_years"" BETWEEN '1991-????' AND '????' AND ""aka_title"".""production_year"" BETWEEN 1905 AND 2016 AND ""movie_info"".""note"" BETWEEN '(Berlin International Film Festival)' AND 'ôtre k''ôtre' AND ""cast_info"".""nr_order"" BETWEEN 0 AND 1115798165 AND ""kind_type"".""kind"" BETWEEN 'episode' AND 'video movie';"
10b.sql,6,302432232,cast_info|char_name|movie_keyword|movie_link|name|role_type|title,7,e5209170,ok,"SELECT DISTINCT ON(""char_name"".""id"") ""char_name"".""imdb_id"" FROM ""char_name"" LEFT JOIN ""cast_info"" ON ""char_name"".""id"" = ""cast_info"".""person_role_id"" LEFT JOIN ""role_type"" ON ""cast_info"".""role_id"" = ""role_type"".""id"" LEFT JOIN ""name"" ON ""cast_info"".""person_id"" = ""name"".""id"" LEFT JOIN ""title"" ON ""cast_info"".""movie_id"" = ""title"".""id"" LEFT JOIN ""movie_link"" ON ""title"".""id"" = ""movie_link"".""movie_id"" LEFT JOIN ""movie_keyword"" ON ""title"".""id"" = ""movie_keyword"".""movie_id"" WHERE ""char_name"".""imdb_index"" BETWEEN 'M' AND 'M' AND ""movie_link"".""linked_movie_id"" BETWEEN 11104 AND 2524994 AND ""role_type"".""role"" BETWEEN 'actor' AND 'writer' AND ""title"".""phonetic_code"" BETWEEN 'A2352' AND 'Z6565' AND ""cast_info"".""nr_order"" BETWEEN 0 AND 1115798165 AND ""name"".""surname_pcode"" BETWEEN 'A32' AND 'Z656';"
10c.sql,6,302432232,cast_info|char_name|complete_cast|movie_keyword|movie_link|role_type|title,7,97b14791,ok,"SELECT DISTINCT ON(""char_name"".""id"") ""char_name"".""imdb_id"" FROM ""char_name"" LEFT JOIN ""cast_info"" ON ""char_name"".""id"" = ""cast_info"".""person_role_id"" LEFT JOIN ""role_type"" ON ""cast_info"".""role_id"" = ""role_type"".""id"" LEFT JOIN ""title"" ON ""cast_info"".""movie_id"" = ""title"".""id"" LEFT JOIN ""movie_keyword"" ON ""title"".""id"" = ""movie_keyword"".""movie_id"" LEFT JOIN ""movie_link"" ON ""title"".""id"" = ""movie_link"".""movie_id"" LEFT JOIN ""complete_cast"" ON ""title"".""id"" = ""complete_cast"".""movie_id"" WHERE ""complete_cast"".""status_id"" BETWEEN 3 AND 4 AND ""char_name"".""surname_pcode"" BETWEEN 'A2514' AND 'Z6562' AND ""title"".""episode_nr"" BETWEEN 1 AND 91821 AND ""movie_link"".""linked_movie_id"" BETWEEN 11104 AND 2524994 AND ""cast_info"".""nr_order"" BETWEEN 0 AND 1115798165 AND ""role_type"".""role"" BETWEEN 'actor' AND 'writer';"
11a.sql,7,68327928,cast_info|company_name|company_type|kind_type|movie_companies|movie_info|movie_keyword|title,8,d3c4ba6c,ok,"SELECT DISTINCT ON(""company_name"".""id"") ""company_name"".""name_pcode_nf"" FROM ""company_name"" LEFT JOIN ""movie_companies"" ON ""company_name"".""id"" = ""movie_companies"".""company_id"" LEFT JOIN ""company_type"" ON ""movie_companies"".""company_type_id"" = ""company_type"".""id"" LEFT JOIN ""title"" ON ""movie_companies"".""movie_id"" = ""title"".""id"" LEFT JOIN ""movie_info"" ON ""title"".""id"" = ""movie_info"".""movie_id"" LEFT JOIN ""cast_info"" ON ""title"".""id"" = ""cast_info"".""movie_id"" LEFT JOIN ""kind_type"" ON ""title"".""kind_id"" = ""kind_type"".""id"" LEFT JOIN ""movie_keyword"" ON ""title"".""id"" = ""movie_keyword"".""movie_id"" WHERE ""movie_info"".""info"" BETWEEN '$25,000' AND '€ 999,554 (Belgium) (25 March 2007)' AND ""kind_type"".""kind"" BETWEEN 'episode' AND 'video movie' AND ""movie_companies"".""note"" BETWEEN '(1911) (USA) (theatrical)' AND 'co-production)' AND ""company_name"".""name_pcode_nf"" BETWEEN 'A2121' AND 'Z6543' AND ""company_type"".""kind"" BETWEEN 'distributors' AND 'special effects companies' AND ""title"".""episode_nr"" BETWEEN 1 AND 91821 AND ""cast_info"".""nr_order"" BETWEEN 0 AND 1115798165;"
11b.sql,7,68327928,cast_info|comp_cast_type|company_name|complete_cast|movie_companies|name|role_type|title,8,3fe67f1a,ok,"SELECT DISTINCT ON(""company_name"".""id"") ""company_name"".""country_code"" FROM ""company_name"" LEFT JOIN ""movie_companies"" ON ""company_name"".""id"" = ""movie_companies"".""company_id"" LEFT JOIN ""title"" ON ""movie_companies"".""movie_id"" = ""title"".""id"" LEFT JOIN ""cast_info"" ON ""title"".""id"" = ""cast_info"".""movie_id"" LEFT JOIN ""complete_cast"" ON ""title"".""id"" = ""complete_cast"".""movie_id"" LEFT JOIN ""role_type"" ON ""cast_info"".""role_id"" = ""role_type"".""id"" LEFT JOIN ""name"" ON ""cast_info"".""person_id"" = ""name"".""id"" LEFT JOIN ""comp_cast_type"" ON ""complete_cast"".""subject_id"" = ""comp_cast_type"".""id"" WHERE ""company_name"".""country_code"" BETWEEN '[at]' AND '[zw]' AND ""complete_cast"".""status_id"" BETWEEN 3 AND 4 AND ""title"".""episode_of_id"" BETWEEN 15711 AND 2528186 AND ""comp_cast_type"".""kind"" BETWEEN 'cast' AND 'crew' AND ""name"".""name_pcode_cf"" BETWEEN 'A2526' AND 'Z6565' AND ""movie_companies"".""note"" BETWEEN '(1911) (USA) (theatrical)' AND 'co-production)' AND ""cast_info"".""nr_order"" BETWEEN 0 AND 1115798165 AND ""role_type"".""role"" BETWEEN 'actor' AND 'writer';"
11c.sql,7,68327928,aka_title|company_name|company_type|kind_type|movie_companies|movie_keyword|movie_link|title,8,63c5503e,ok,"SELECT DISTINCT ON(""company_name"".""id"") ""company_name"".""country_code"" FROM ""company_name"" LEFT JOIN ""movie_companies"" ON ""company_name"".""id"" = ""movie_companies"".""company_id"" LEFT JOIN ""company_type"" ON ""movie_companies"".""company_type_id"" = ""company_type"".""id"" LEFT JOIN ""title"" ON ""movie_companies"".""movie_id"" = ""title"".""id"" LEFT JOIN ""movie_keyword"" ON ""title"".""id"" = ""movie_keyword"".""movie_id"" LEFT JOIN ""kind_type"" ON ""title"".""kind_id"" = ""kind_type"".""id"" LEFT JOIN ""movie_link"" ON ""title"".""id"" = ""movie_link"".""movie_id"" LEFT JOIN ""aka_title"" ON ""title"".""id"" = ""aka_title"".""movie_id"" WHERE ""kind_type"".""kind"" BETWEEN 'episode' AND 'video movie' AND ""movie_link"".""linked_movie_id"" BETWEEN 11104 AND 2524994 AND ""movie_companies"".""note"" BETWEEN '(1911) (USA) (theatrical)' AND 'co-production)' AND ""aka_title"".""imdb_index"" BETWEEN 'XII' AND 'XII' AND ""company_name"".""md5sum"" BETWEEN '0297e5ec22db809e0ff2b2ac09985ab9' AND 'ffff4e2362f22b10d3ac911e2f963b2a' AND ""company_type"".""kind"" BETWEEN 'distributors' AND 'special effects companies' AND ""title"".""title"" BETWEEN '(#1.10964)' AND 'üç';"
11d.sql,7,68327928,aka_title|company_name|company_type|movie_companies|movie_info|movie_info_idx|movie_keyword|title,8,c7c76ac7,ok,"SELECT DISTINCT ON(""company_name"".""id"") ""company_name"".""country_code"" FROM ""company_name"" LEFT JOIN ""movie_companies"" ON ""company_name"".""id"" = ""movie_companies"".""company_id"" LEFT JOIN ""title"" ON ""movie_companies"".""movie_id"" = ""title"".""id"" LEFT JOIN ""movie_info_idx"" ON ""title"".""id"" = ""movie_info_idx"".""movie_id"" LEFT JOIN ""movie_info"" ON ""title"".""id"" = ""movie_info"".""movie_id"" LEFT JOIN ""movie_keyword"" ON ""title"".""id"" = ""movie_keyword"".""movie_id"" LEFT JOIN ""company_type"" ON ""movie_companies"".""company_type_id"" = ""company_type"".""id"" LEFT JOIN ""aka_title"" ON ""title"".""id"" = ""aka_title"".""movie_id"" WHERE ""company_name"".""name_pcode_nf"" BETWEEN 'A2121' AND 'Z6543' AND ""movie_info_idx"".""info"" BETWEEN '.....23010' AND '9997' AND ""title"".""episode_nr"" BETWEEN 1 AND 91821 AND ""company_type"".""kind"" BETWEEN 'distributors' AND 'special effects companies' AND ""movie_info"".""note"" BETWEEN '(Berlin International Film Festival)' AND 'ôtre k''ôtre' AND ""aka_title"".""title"" BETWEEN 'A Ballad About Green Wood' AND 'þõîñ' AND ""movie_companies"".""note"" BETWEEN '(1911) (USA) (theatrical)' AND 'co-production)';"
12a.sql,7,361317773,cast_info|company_name|company_type|movie_companies|movie_info|movie_info_idx|movie_link|title,8,e12e7df3,ok,"SELECT DISTINCT ON(""company_name"".""id"") ""company_name"".""name"" FROM ""company_name"" LEFT JOIN ""movie_companies"" ON ""company_name"".""id"" = ""movie_companies"".""company_id"" LEFT JOIN ""title"" ON ""movie_companies"".""movie_id"" = ""title"".""id"" LEFT JOIN ""cast_info"" ON ""title"".""id"" = ""cast_info"".""movie_id"" LEFT JOIN ""company_type"" ON ""movie_companies"".""company_type_id"" = ""company_type"".""id"" LEFT JOIN ""movie_info_idx"" ON ""title"".""id"" = ""movie_info_idx"".""movie_id"" LEFT JOIN ""movie_link"" ON ""title"".""id"" = ""movie_link"".""movie_id"" LEFT JOIN ""movie_info"" ON ""title"".""id"" = ""movie_info"".""movie_id"" WHERE ""movie_info"".""note"" BETWEEN '(Berlin International Film Festival)' AND 'ôtre k''ôtre' AND ""movie_link"".""linked_movie_id"" BETWEEN 11104 AND 2524994 AND ""movie_companies"".""note"" BETWEEN '(1911) (USA) (theatrical)' AND 'co-production)' AND ""company_name"".""name_pcode_nf"" BETWEEN 'A2121' AND 'Z6543' AND ""company_type"".""kind"" BETWEEN 'distributors' AND 'special effects companies' AND ""movie_info_idx"".""info"" BETWEEN '.....23010' AND '9997' AND ""title"".""title"" BETWEEN '(#1.10964)' AND 'üç' AND ""cast_info"".""note"" BETWEEN '(advisor) (as Dan Carter)' AND '(épouse de Raymond)';"
12b.sql,7,361317773,cast_info|company_name|movie_companies|movie_info_idx|movie_keyword|movie_link|name|title,8,e4b737c2,ok,"SELECT DISTINCT ON(""company_name"".""id"") ""company_name"".""country_code"" FROM ""company_name"" LEFT JOIN ""movie_companies"" ON ""company_name"".""id"" = ""movie_companies"".""company_id"" LEFT JOIN ""title"" ON ""movie_companies"".""movie_id"" = ""title"".""id"" LEFT JOIN ""movie_keyword"" ON ""title"".""id"" = ""movie_keyword"".""movie_id"" LEFT JOIN ""movie_info_idx"" ON ""title"".""id"" = ""movie_info_idx"".""movie_id"" LEFT JOIN ""cast_info"" ON ""title"".""id"" = ""cast_info"".""movie_id"" LEFT JOIN ""name"" ON ""cast_info"".""person_id"" = ""name"".""id"" LEFT JOIN ""movie_link"" ON ""title"".""id"" = ""movie_link"".""movie_id"" WHERE ""company_name"".""country_code"" BETWEEN '[at]' AND '[zw]' AND ""movie_info_idx"".""info"" BETWEEN '.....23010' AND '9997' AND ""title"".""phonetic_code"" BETWEEN 'A2352' AND 'Z6565' AND ""movie_link"".""linked_movie_id"" BETWEEN 11104 AND 2524994 AND ""name"".""name_pcode_cf"" BETWEEN 'A2526' AND 'Z6565' AND ""movie_companies"".""note"" BETWEEN '(1911) (USA) (theatrical)' AND 'co-production)' AND ""cast_info"".""nr_order"" BETWEEN 0 AND 1115798165;"
12c.sql,7,361317773,company_name|info_type|kind_type|movie_companies|movie_info|movie_info_idx|movie_keyword|title,8,dcdeecf5,ok,"SELECT DISTINCT ON(""company_name"".""id"") ""company_name"".""country_code"" FROM ""company_name"" LEFT JOIN ""movie_companies"" ON ""company_name"".""id"" = ""movie_companies"".""company_id"" LEFT JOIN ""title"" ON ""movie_companies"".""movie_id"" = ""title"".""id"" LEFT JOIN ""movie_info"" ON ""title"".""id"" = ""movie_info"".""movie_id"" LEFT JOIN ""movie_keyword"" ON ""title"".""id"" = ""movie_keyword"".""movie_id"" LEFT JOIN ""info_type"" ON ""movie_info"".""info_type_id"" = ""info_type"".""id"" LEFT JOIN ""movie_info_idx"" ON ""title"".""id"" = ""movie_info_idx"".""movie_id"" LEFT JOIN ""kind_type"" ON ""title"".""kind_id"" = ""kind_type"".""id"" WHERE ""movie_info"".""note"" BETWEEN '(Berlin International Film Festival)' AND 'ôtre k''ôtre' AND ""kind_type"".""kind"" BETWEEN 'episode' AND 'video movie' AND ""movie_companies"".""note"" BETWEEN '(1911) (USA) (theatrical)' AND 'co-production)' AND ""info_type"".""info"" BETWEEN 'LD additional information' AND 'where now' AND ""company_name"".""country_code"" BETWEEN '[at]' AND '[zw]' AND ""movie_info_idx"".""info"" BETWEEN '.....23010' AND '9997' AND ""title"".""title"" BETWEEN '(#1.10964)' AND 'üç';"
13a.sql,8,361317787,aka_title|company_name|company_type|complete_cast|kind_type|movie_companies|movie_keyword|movie_link|title,9,1d1f314d,ok,"SELECT DISTINCT ON(""company_name"".""id"") ""company_name"".""name_pcode_sf"" FROM ""company_name"" LEFT JOIN ""movie_companies"" ON ""company_name"".""id"" = ""movie_companies"".""company_id"" LEFT JOIN ""title"" ON ""movie_companies"".""movie_id"" = ""title"".""id"" LEFT JOIN ""company_type"" ON ""movie_companies"".""company_type_id"" = ""company_type"".""id"" LEFT JOIN ""aka_title"" ON ""title"".""id"" = ""aka_title"".""movie_id"" LEFT JOIN ""complete_cast"" ON ""title"".""id"" = ""complete_cast"".""movie_id"" LEFT JOIN ""movie_link"" ON ""title"".""id"" = ""movie_link"".""movie_id"" LEFT JOIN ""kind_type"" ON ""title"".""kind_id"" = ""kind_type"".""id"" LEFT JOIN ""movie_keyword"" ON ""title"".""id"" = ""movie_keyword"".""movie_id"" WHERE ""company_name"".""name_pcode_sf"" BETWEEN 'A2145' AND 'Z6543' AND ""complete_cast"".""status_id"" BETWEEN 3 AND 4 AND ""title"".""season_nr"" BETWEEN 1 AND 2013 AND ""company_type"".""kind"" BETWEEN 'distributors' AND 'special effects companies' AND ""aka_title"".""md5sum"" BETWEEN '0295f180951ddef467f872957d8b8705' AND 'ffffed51d8d1764c844259b95f49853e' AND ""movie_link"".""linked_movie_id"" BETWEEN 11104 AND 2524994 AND ""movie_companies"".""note"" BETWEEN '(1911) (USA) (theatrical)' AND 'co-production)' AND ""kind_type"".""kind"" BETWEEN 'episode' AND 'video movie';"
13b.sql,8,361317787,cast_info|char_name|company_name|company_type|keyword|movie_companies|movie_keyword|movie_link|title,9,67efbd11,ok,"SELECT DISTINCT ON(""company_name"".""id"") ""company_name"".""name_pcode_nf"" FROM ""company_name"" LEFT JOIN ""movie_companies"" ON ""company_name"".""id"" = ""movie_companies"".""company_id"" LEFT JOIN ""company_type"" ON ""movie_companies"".""company_type_id"" = ""company_type"".""id"" LEFT JOIN ""title"" ON ""movie_companies"".""movie_id"" = ""title"".""id"" LEFT JOIN ""movie_link"" ON ""title"".""id"" = ""movie_link"".""movie_id"" LEFT JOIN ""movie_keyword"" ON ""title"".""id"" = ""movie_keyword"".""movie_id"" LEFT JOIN ""cast_info"" ON ""title"".""id"" = ""cast_info"".""movie_id"" LEFT JOIN ""char_name"" ON ""cast_info"".""person_role_id"" = ""char_name"".""id"" LEFT JOIN ""keyword"" ON ""movie_keyword"".""keyword_id"" = ""keyword"".""id"" WHERE ""char_name"".""surname_pcode"" BETWEEN 'A2514' AND 'Z6562' AND ""movie_link"".""linked_movie_id"" BETWEEN 11104 AND 2524994 AND ""movie_companies"".""note"" BETWEEN '(1911) (USA) (theatrical)' AND 'co-production)' AND ""company_name"".""name_pcode_nf"" BETWEEN 'A2121' AND 'Z6543' AND ""company_type"".""kind"" BETWEEN 'distributors' AND 'special effects companies' AND ""title"".""production_year"" BETWEEN 1910 AND 2019 AND ""keyword"".""keyword"" BETWEEN 'acidosis' AND 'øresund' AND ""cast_info"".""nr_order"" BETWEEN 0 AND 1115798165;"
13c.sql,8,361317787,company_name|company_type|complete_cast|info_type|kind_type|movie_companies|movie_info|movie_link|title,9,4319d076,ok,"SELECT DISTINCT ON(""company_name"".""id"") ""company_name"".""name_pcode_nf"" FROM ""company_name"" LEFT JOIN ""movie_companies"" ON ""company_name"".""id"" = ""movie_companies"".""company_id"" LEFT JOIN ""title"" ON ""movie_companies"".""movie_id"" = ""title"".""id"" LEFT JOIN ""kind_type"" ON ""title"".""kind_id"" = ""kind_type"".""id"" LEFT JOIN ""movie_info"" ON ""title"".""id"" = ""movie_info"".""movie_id"" LEFT JOIN ""movie_link"" ON ""title"".""id"" = ""movie_link"".""movie_id"" LEFT JOIN ""info_type"" ON ""movie_info"".""info_type_id"" = ""info_type"".""id"" LEFT JOIN ""complete_cast"" ON ""title"".""id"" = ""complete_cast"".""movie_id"" LEFT JOIN ""company_type"" ON ""movie_companies"".""company_type_id"" = ""company_type"".""id"" WHERE ""company_name"".""name_pcode_nf"" BETWEEN 'A2121' AND 'Z6543' AND ""complete_cast"".""status_id"" BETWEEN 3 AND 4 AND ""info_type"".""info"" BETWEEN 'LD additional information' AND 'where now' AND ""movie_companies"".""note"" BETWEEN '(1911) (USA) (theatrical)' AND 'co-production)' AND ""title"".""episode_of_id"" BETWEEN 15711 AND 2528186 AND ""company_type"".""kind"" BETWEEN 'distributors' AND 'special effects companies' AND ""movie_link"".""linked_movie_id"" BETWEEN 11104 AND 2524994 AND ""movie_info"".""note"" BETWEEN '(Berlin International Film Festival)' AND 'ôtre k''ôtre' AND ""kind_type"".""kind"" BETWEEN 'episode' AND 'video movie';"
13d.sql,8,361317787,cast_info|company_name|company_type|movie_companies|movie_keyword|movie_link|name|role_type|title,9,87456290,ok,"SELECT DISTINCT ON(""company_name"".""id"") ""company_name"".""id"" FROM ""company_name"" LEFT JOIN ""movie_companies"" ON ""company_name"".""id"" = ""movie_companies"".""company_id"" LEFT JOIN ""company_type"" ON ""movie_companies"".""company_type_id"" = ""company_type"".""id"" LEFT JOIN ""title"" ON ""movie_companies"".""movie_id"" = ""title"".""id"" LEFT JOIN ""movie_link"" ON ""title"".""id"" = ""movie_link"".""movie_id"" LEFT JOIN ""cast_info"" ON ""title"".""id"" = ""cast_info"".""movie_id"" LEFT JOIN ""name"" ON ""cast_info"".""person_id"" = ""name"".""id"" LEFT JOIN ""role_type"" ON ""cast_info"".""role_id"" = ""role_type"".""id"" LEFT JOIN ""movie_keyword"" ON ""title"".""id"" = ""movie_keyword"".""movie_id"" WHERE ""movie_link"".""linked_movie_id"" BETWEEN 11104 AND 2524994 AND ""movie_companies"".""note"" BETWEEN '(1911) (USA) (theatrical)' AND 'co-production)' AND ""company_name"".""md5sum"" BETWEEN '0297e5ec22db809e0ff2b2ac09985ab9' AND 'ffff4e2362f22b10d3ac911e2f963b2a' AND ""role_type"".""role"" BETWEEN 'actor' AND 'writer' AND ""company_type"".""kind"" BETWEEN 'distributors' AND 'special effects companies' AND ""title"".""imdb_index"" BETWEEN 'IV' AND 'XXIV' AND ""cast_info"".""note"" BETWEEN '(advisor) (as Dan Carter)' AND '(épouse de Raymond)' AND ""name"".""gender"" BETWEEN 'f' AND 'm';"
14a.sql,7,352739927,aka_title|cast_info|complete_cast|info_type|kind_type|movie_companies|movie_info|title,8,4e1ca8b6,ok,"SELECT DISTINCT ON(""info_type"".""id"") ""info_type"".""id"" FROM ""info_type"" LEFT JOIN ""movie_info"" ON ""info_type"".""id"" = ""movie_info"".""info_type_id"" LEFT JOIN ""title"" ON ""movie_info"".""movie_id"" = ""title"".""id"" LEFT JOIN ""complete_cast"" ON ""title"".""id"" = ""complete_cast"".""movie_id"" LEFT JOIN ""aka_title"" ON ""title"".""id"" = ""aka_title"".""movie_id"" LEFT JOIN ""movie_companies"" ON ""title"".""id"" = ""movie_companies"".""movie_id"" LEFT JOIN ""kind_type"" ON ""aka_title"".""kind_id"" = ""kind_type"".""id"" LEFT JOIN ""cast_info"" ON ""title"".""id"" = ""cast_info"".""movie_id"" WHERE ""complete_cast"".""status_id"" BETWEEN 3 AND 4 AND ""info_type"".""info"" BETWEEN 'LD additional information' AND 'where now' AND ""movie_companies"".""note"" BETWEEN '(1911) (USA) (theatrical)' AND 'co-production)' AND ""title"".""imdb_index"" BETWEEN 'IV' AND 'XXIV' AND ""aka_title"".""note"" BETWEEN '(Australia) (rerun title)' AND '(working ttitle)' AND ""movie_info"".""info"" BETWEEN '$25,000' AND '€ 999,554 (Belgium) (25 March 2007)' AND ""cast_info"".""note"" BETWEEN '(advisor) (as Dan Carter)' AND '(épouse de Raymond)' AND ""kind_type"".""kind"" BETWEEN 'episode' AND 'video movie';"
14b.sql,7,352739927,aka_name|cast_info|info_type|movie_info_idx|movie_keyword|name|person_info|title,8,db4caac5,ok,"SELECT DISTINCT ON(""info_type"".""id"") ""info_type"".""info"" FROM ""info_type"" LEFT JOIN ""person_info"" ON ""info_type"".""id"" = ""person_info"".""info_type_id"" LEFT JOIN ""movie_info_idx"" ON ""info_type"".""id"" = ""movie_info_idx"".""info_type_id"" LEFT JOIN ""name"" ON ""person_info"".""person_id"" = ""name"".""id"" LEFT JOIN ""aka_name"" ON ""name"".""id"" = ""aka_name"".""person_id"" LEFT JOIN ""cast_info"" ON ""name"".""id"" = ""cast_info"".""person_id"" LEFT JOIN ""title"" ON ""cast_info"".""movie_id"" = ""title"".""id"" LEFT JOIN ""movie_keyword"" ON ""title"".""id"" = ""movie_keyword"".""movie_id"" WHERE ""aka_name"".""name_pcode_nf"" BETWEEN 'A3415' AND 'Z6565' AND ""person_info"".""note"" BETWEEN 'Gary Brumburgh / gr-home@pacbell.net' AND 'Ünsal Babayigit' AND ""info_type"".""info"" BETWEEN 'LD additional information' AND 'where now' AND ""movie_info_idx"".""info"" BETWEEN '.....23010' AND '9997' AND ""title"".""md5sum"" BETWEEN '0296d2b20235be36849d015e34d80f2c' AND 'fffffec1b13bc6af69f56864884364e4' AND ""cast_info"".""note"" BETWEEN '(advisor) (as Dan Carter)' AND '(épouse de Raymond)' AND ""name"".""md5sum"" BETWEEN '028f683477b8a4c79a33ff63cdc44581' AND 'fffff98a09c03b80a33d5f7ebc83006e';"
14c.sql,7,352739927,aka_name|cast_info|complete_cast|info_type|movie_info|name|person_info|title,8,c4b22f61,ok,"SELECT DISTINCT ON(""info_type"".""id"") ""info_type"".""id"" FROM ""info_type"" LEFT JOIN ""movie_info"" ON ""info_type"".""id"" = ""movie_info"".""info_type_id"" LEFT JOIN ""person_info"" ON ""info_type"".""id"" = ""person_info"".""info_type_id"" LEFT JOIN ""name"" ON ""person_info"".""person_id"" = ""name"".""id"" LEFT JOIN ""cast_info"" ON ""name"".""id"" = ""cast_info"".""person_id"" LEFT JOIN ""title"" ON ""cast_info"".""movie_id"" = ""title"".""id"" LEFT JOIN ""aka_name"" ON ""name"".""id"" = ""aka_name"".""person_id"" LEFT JOIN ""complete_cast"" ON ""title"".""id"" = ""complete_cast"".""movie_id"" WHERE ""complete_cast"".""status_id"" BETWEEN 3 AND 4 AND ""info_type"".""info"" BETWEEN 'LD additional information' AND 'where now' AND ""aka_name"".""imdb_index"" BETWEEN 'IV' AND 'IV' AND ""title"".""production_year"" BETWEEN 1910 AND 2019 AND ""person_info"".""info"" BETWEEN '""Celebrity Sleuth"" (USA), 2004, Iss. 35' AND 'Þórsson, Sindri Eldon' AND ""name"".""name_pcode_cf"" BETWEEN 'A2526' AND 'Z6565' AND ""movie_info"".""note"" BETWEEN '(Berlin International Film Festival)' AND 'ôtre k''ôtre' AND ""cast_info"".""note"" BETWEEN '(advisor) (as Dan Carter)' AND '(épouse de Raymond)';"
15a.sql,8,370344723,aka_title|company_type|complete_cast|keyword|movie_companies|movie_info_idx|movie_keyword|movie_link|title,9,1b6a2ca2,ok,"SELECT DISTINCT ON(""aka_title"".""id"") ""aka_title"".""kind_id"" FROM ""aka_title"" LEFT JOIN ""title"" ON ""aka_title"".""movie_id"" = ""title"".""id"" LEFT JOIN ""complete_cast"" ON ""title"".""id"" = ""complete_cast"".""movie_id"" LEFT JOIN ""movie_companies"" ON ""title"".""id"" = ""movie_companies"".""movie_id"" LEFT JOIN ""movie_keyword"" ON ""title"".""id"" = ""movie_keyword"".""movie_id"" LEFT JOIN ""company_type"" ON ""movie_companies"".""company_type_id"" = ""company_type"".""id"" LEFT JOIN ""movie_link"" ON ""title"".""id"" = ""movie_link"".""movie_id"" LEFT JOIN ""keyword"" ON ""movie_keyword"".""keyword_id"" = ""keyword"".""id"" LEFT JOIN ""movie_info_idx"" ON ""title"".""id"" = ""movie_info_idx"".""movie_id"" WHERE ""movie_link"".""linked_movie_id"" BETWEEN 11104 AND 2524994 AND ""aka_title"".""imdb_index"" BETWEEN 'XII' AND 'XII' AND ""movie_companies"".""note"" BETWEEN '(1911) (USA) (theatrical)' AND 'co-production)' AND ""company_type"".""kind"" BETWEEN 'distributors' AND 'special effects companies' AND ""title"".""title"" BETWEEN '(#1.10964)' AND 'üç' AND ""complete_cast"".""status_id"" BETWEEN 3 AND 4 AND ""keyword"".""keyword"" BETWEEN 'acidosis' AND 'øresund' AND ""movie_info_idx"".""info"" BETWEEN '.....23010' AND '9997';"
15b.sql,8,370344723,aka_title|comp_cast_type|complete_cast|keyword|kind_type|link_type|movie_keyword|movie_link|title,9,841ea399,ok,"SELECT DISTINCT ON(""aka_title"".""id"") ""aka_title"".""season_nr"" FROM ""aka_title"" LEFT JOIN ""kind_type"" ON ""aka_title"".""kind_id"" = ""kind_type"".""id"" LEFT JOIN ""title"" ON ""aka_title"".""movie_id"" = ""title"".""id"" LEFT JOIN ""complete_cast"" ON ""title"".""id"" = ""complete_cast"".""movie_id"" LEFT JOIN ""movie_keyword"" ON ""title"".""id"" = ""movie_keyword"".""movie_id"" LEFT JOIN ""comp_cast_type"" ON ""complete_cast"".""subject_id"" = ""comp_cast_type"".""id"" LEFT JOIN ""keyword"" ON ""movie_keyword"".""keyword_id"" = ""keyword"".""id"" LEFT JOIN ""movie_link"" ON ""title"".""id"" = ""movie_link"".""movie_id"" LEFT JOIN ""link_type"" ON ""movie_link"".""link_type_id"" = ""link_type"".""id"" WHERE ""complete_cast"".""status_id"" BETWEEN 3 AND 4 AND ""title"".""production_year"" BETWEEN 1910 AND 2019 AND ""comp_cast_type"".""kind"" BETWEEN 'cast' AND 'crew' AND ""keyword"".""keyword"" BETWEEN 'acidosis' AND 'øresund' AND ""aka_title"".""production_year"" BETWEEN 1905 AND 2016 AND ""movie_link"".""linked_movie_id"" BETWEEN 11104 AND 2524994 AND ""link_type"".""link"" BETWEEN 'alternate language version of' AND 'version of' AND ""kind_type"".""kind"" BETWEEN 'episode' AND 'video movie';"
15c.sql,8,370344723,aka_title|cast_info|company_name|company_type|info_type|movie_companies|movie_info|movie_keyword|title,9,d168f8c5,ok,"SELECT DISTINCT ON(""aka_title"".""id"") ""aka_title"".""phonetic_code"" FROM ""aka_title"" LEFT JOIN ""title"" ON ""aka_title"".""movie_id"" = ""title"".""id"" LEFT JOIN ""movie_companies"" ON ""title"".""id"" = ""movie_companies"".""movie_id"" LEFT JOIN ""movie_info"" ON ""title"".""id"" = ""movie_info"".""movie_id"" LEFT JOIN ""company_name"" ON ""movie_companies"".""company_id"" = ""company_name"".""id"" LEFT JOIN ""cast_info"" ON ""title"".""id"" = ""cast_info"".""movie_id"" LEFT JOIN ""movie_keyword"" ON ""title"".""id"" = ""movie_keyword"".""movie_id"" LEFT JOIN ""info_type"" ON ""movie_info"".""info_type_id"" = ""info_type"".""id"" LEFT JOIN ""company_type"" ON ""movie_companies"".""company_type_id"" = ""company_type"".""id"" WHERE ""movie_info"".""note"" BETWEEN '(Berlin International Film Festival)' AND 'ôtre k''ôtre' AND ""aka_title"".""episode_of_id"" BETWEEN 465 AND 25391 AND ""movie_companies"".""note"" BETWEEN '(1911) (USA) (theatrical)' AND 'co-production)' AND ""info_type"".""info"" BETWEEN 'LD additional information' AND 'where now' AND ""company_name"".""name"" BETWEEN '6 {ft} 1 Productions' AND 'ö Filmproduktion' AND ""company_type"".""kind"" BETWEEN 'distributors' AND 'special effects companies' AND ""title"".""title"" BETWEEN '(#1.10964)' AND 'üç' AND ""cast_info"".""nr_order"" BETWEEN 0 AND 1115798165;"
15d.sql,8,370344723,aka_title|info_type|kind_type|link_type|movie_info|movie_info_idx|movie_keyword|movie_link|title,9,60cf0e78,ok,"SELECT DISTINCT ON(""aka_title"".""id"") ""aka_title"".""episode_of_id"" FROM ""aka_title"" LEFT JOIN ""title"" ON ""aka_title"".""movie_id"" = ""title"".""id"" LEFT JOIN ""kind_type"" ON ""aka_title"".""kind_id"" = ""kind_type"".""id"" LEFT JOIN ""movie_info"" ON ""title"".""id"" = ""movie_info"".""movie_id"" LEFT JOIN ""movie_info_idx"" ON ""title"".""id"" = ""movie_info_idx"".""movie_id"" LEFT JOIN ""info_type"" ON ""movie_info_idx"".""info_type_id"" = ""info_type"".""id"" LEFT JOIN ""movie_keyword"" ON ""title"".""id"" = ""movie_keyword"".""movie_id"" LEFT JOIN ""movie_link"" ON ""title"".""id"" = ""movie_link"".""movie_id"" LEFT JOIN ""link_type"" ON ""movie_link"".""link_type_id"" = ""link_type"".""id"" WHERE ""movie_info_idx"".""info"" BETWEEN '.....23010' AND '9997' AND ""info_type"".""info"" BETWEEN 'LD additional information' AND 'where now' AND ""title"".""phonetic_code"" BETWEEN 'A2352' AND 'Z6565' AND ""aka_title"".""md5sum"" BETWEEN '0295f180951ddef467f872957d8b8705' AND 'ffffed51d8d1764c844259b95f49853e' AND ""movie_link"".""linked_movie_id"" BETWEEN 11104 AND 2524994 AND ""link_type"".""link"" BETWEEN 'alternate language version of' AND 'version of' AND ""movie_info"".""note"" BETWEEN '(Berlin International Film Festival)' AND 'ôtre k''ôtre' AND ""kind_type"".""kind"" BETWEEN 'episode' AND 'video movie';"
16a.sql,7,342332477,aka_name|cast_info|kind_type|movie_info|movie_keyword|name|person_info|title,8,e946a9c4,ok,"SELECT DISTINCT ON(""aka_name"".""id"") ""aka_name"".""name_pcode_nf"" FROM ""aka_name"" LEFT JOIN ""name"" ON ""aka_name"".""person_id"" = ""name"".""id"" LEFT JOIN ""person_info"" ON ""name"".""id"" = ""person_info"".""person_id"" LEFT JOIN ""cast_info"" ON ""name"".""id"" = ""cast_info"".""person_id"" LEFT JOIN ""title"" ON ""cast_info"".""movie_id"" = ""title"".""id"" LEFT JOIN ""movie_keyword"" ON ""title"".""id"" = ""movie_keyword"".""movie_id"" LEFT JOIN ""kind_type"" ON ""title"".""kind_id"" = ""kind_type"".""id"" LEFT JOIN ""movie_info"" ON ""title"".""id"" = ""movie_info"".""movie_id"" WHERE ""aka_name"".""name_pcode_cf"" BETWEEN 'A254' AND 'Z6565' AND ""movie_info"".""note"" BETWEEN '(Berlin International Film Festival)' AND 'ôtre k''ôtre' AND ""kind_type"".""kind"" BETWEEN 'episode' AND 'video movie' AND ""person_info"".""note"" BETWEEN 'Gary Brumburgh / gr-home@pacbell.net' AND 'Ünsal Babayigit' AND ""title"".""production_year"" BETWEEN 1910 AND 2019 AND ""cast_info"".""nr_order"" BETWEEN 0 AND 1115798165 AND ""name"".""name_pcode_cf"" BETWEEN 'A2526' AND 'Z6565';"
16b.sql,7,342332477,aka_name|cast_info|char_name|complete_cast|movie_companies|movie_link|name|title,8,426687d7,ok,"SELECT DISTINCT ON(""aka_name"".""id"") ""aka_name"".""name_pcode_cf"" FROM ""aka_name"" LEFT JOIN ""name"" ON ""aka_name"".""person_id"" = ""name"".""id"" LEFT JOIN ""cast_info"" ON ""name"".""id"" = ""cast_info"".""person_id"" LEFT JOIN ""char_name"" ON ""cast_info"".""person_role_id"" = ""char_name"".""id"" LEFT JOIN ""title"" ON ""cast_info"".""movie_id"" = ""title"".""id"" LEFT JOIN ""movie_companies"" ON ""title"".""id"" = ""movie_companies"".""movie_id"" LEFT JOIN ""movie_link"" ON ""title"".""id"" = ""movie_link"".""movie_id"" LEFT JOIN ""complete_cast"" ON ""title"".""id"" = ""complete_cast"".""movie_id"" WHERE ""complete_cast"".""status_id"" BETWEEN 3 AND 4 AND ""aka_name"".""name"" BETWEEN 'Afzelius, Kick' AND 'üNal, Emre' AND ""char_name"".""imdb_index"" BETWEEN 'M' AND 'M' AND ""title"".""season_nr"" BETWEEN 1 AND 2013 AND ""movie_link"".""linked_movie_id"" BETWEEN 11104 AND 2524994 AND ""name"".""name_pcode_nf"" BETWEEN 'A2621' AND 'Z6565' AND ""movie_companies"".""note"" BETWEEN '(1911) (USA) (theatrical)' AND 'co-production)' AND ""cast_info"".""nr_order"" BETWEEN 0 AND 1115798165;"
16c.sql,7,342332477,aka_name|cast_info|char_name|movie_companies|movie_keyword|name|role_type|title,8,dda7c66c,ok,"SELECT DISTINCT ON(""aka_name"".""id"") ""aka_name"".""name"" FROM ""aka_name"" LEFT JOIN ""name"" ON ""aka_name"".""person_id"" = ""name"".""id"" LEFT JOIN ""cast_info"" ON ""name"".""id"" = ""cast_info"".""person_id"" LEFT JOIN ""char_name"" ON ""cast_info"".""person_role_id"" = ""char_name"".""id"" LEFT JOIN ""role_type"" ON ""cast_info"".""role_id"" = ""role_type"".""id"" LEFT JOIN ""title"" ON ""cast_info"".""movie_id"" = ""title"".""id"" LEFT JOIN ""movie_keyword"" ON ""title"".""id"" = ""movie_keyword"".""movie_id"" LEFT JOIN ""movie_companies"" ON ""title"".""id"" = ""movie_companies"".""movie_id"" WHERE ""char_name"".""name_pcode_nf"" BETWEEN 'A252' AND 'Z6565' AND ""aka_name"".""imdb_index"" BETWEEN 'IV' AND 'IV' AND ""movie_companies"".""note"" BETWEEN '(1911) (USA) (theatrical)' AND 'co-production)' AND ""role_type"".""role"" BETWEEN 'actor' AND 'writer' AND ""title"".""phonetic_code"" BETWEEN 'A2352' AND 'Z6565' AND ""cast_info"".""note"" BETWEEN '(advisor) (as Dan Carter)' AND '(épouse de Raymond)' AND ""name"".""name_pcode_nf"" BETWEEN 'A2621' AND 'Z6565';"
16d.sql,7,342332477,aka_name|cast_info|char_name|movie_info|movie_keyword|name|person_info|title,8,1e3bb465,ok,"SELECT DISTINCT ON(""aka_name"".""id"") ""aka_name"".""md5sum"" FROM ""aka_name"" LEFT JOIN ""name"" ON ""aka_name"".""person_id"" = ""name"".""id"" LEFT JOIN ""cast_info"" ON ""name"".""id"" = ""cast_info"".""person_id"" LEFT JOIN ""title"" ON ""cast_info"".""movie_id"" = ""title"".""id"" LEFT JOIN ""person_info"" ON ""name"".""id"" = ""person_info"".""person_id"" LEFT JOIN ""char_name"" ON ""cast_info"".""person_role_id"" = ""char_name"".""id"" LEFT JOIN ""movie_info"" ON ""title"".""id"" = ""movie_info"".""movie_id"" LEFT JOIN ""movie_keyword"" ON ""title"".""id"" = ""movie_keyword"".""movie_id"" WHERE ""aka_name"".""md5sum"" BETWEEN '0292cac958e7ccf97eb657f38ec21ee0' AND 'ffffe722e6e7c1a8ba1f66032fef9762' AND ""char_name"".""name"" BETWEEN 'Abe Tyson' AND 'üzletember' AND ""title"".""title"" BETWEEN '(#1.10964)' AND 'üç' AND ""person_info"".""info"" BETWEEN '""Celebrity Sleuth"" (USA), 2004, Iss. 35' AND 'Þórsson, Sindri Eldon' AND ""name"".""name_pcode_nf"" BETWEEN 'A2621' AND 'Z6565' AND ""movie_info"".""note"" BETWEEN '(Berlin International Film Festival)' AND 'ôtre k''ôtre' AND ""cast_info"".""note"" BETWEEN '(advisor) (as Dan Carter)' AND '(épouse de Raymond)';"
17a.sql,6,331516361,aka_name|cast_info|complete_cast|movie_link|name|role_type|title,7,08ea44c3,ok,"SELECT DISTINCT ON(""cast_info"".""id"") ""cast_info"".""person_role_id"" FROM ""cast_info"" LEFT JOIN ""name"" ON ""cast_info"".""person_id"" = ""name"".""id"" LEFT JOIN ""title"" ON ""cast_info"".""movie_id"" = ""title"".""id"" LEFT JOIN ""complete_cast"" ON ""title"".""id"" = ""complete_cast"".""movie_id"" LEFT JOIN ""role_type"" ON ""cast_info"".""role_id"" = ""role_type"".""id"" LEFT JOIN ""aka_name"" ON ""name"".""id"" = ""aka_name"".""person_id"" LEFT JOIN ""movie_link"" ON ""title"".""id"" = ""movie_link"".""movie_id"" WHERE ""aka_name"".""name_pcode_nf"" BETWEEN 'A3415' AND 'Z6565' AND ""movie_link"".""linked_movie_id"" BETWEEN 11104 AND 2524994 AND ""role_type"".""role"" BETWEEN 'actor' AND 'writer' AND ""title"".""episode_of_id"" BETWEEN 15711 AND 2528186 AND ""complete_cast"".""status_id"" BETWEEN 3 AND 4 AND ""cast_info"".""nr_order"" BETWEEN 0 AND 1115798165 AND ""name"".""name_pcode_cf"" BETWEEN 'A2526' AND 'Z6565';"
17b.sql,6,331516361,cast_info|char_name|info_type|name|person_info|role_type|title,7,1324337a,ok,"SELECT DISTINCT ON(""cast_info"".""id"") ""cast_info"".""movie_id"" FROM ""cast_info"" LEFT JOIN ""name"" ON ""cast_info"".""person_id"" = ""name"".""id"" LEFT JOIN ""char_name"" ON ""cast_info"".""person_role_id"" = ""char_name"".""id"" LEFT JOIN ""person_info"" ON ""name"".""id"" = ""person_info"".""person_id"" LEFT JOIN ""role_type"" ON ""cast_info"".""role_id"" = ""role_type"".""id"" LEFT JOIN ""title"" ON ""cast_info"".""movie_id"" = ""title"".""id"" LEFT JOIN ""info_type"" ON ""person_info"".""info_type_id"" = ""info_type"".""id"" WHERE ""info_type"".""info"" BETWEEN 'LD additional information' AND 'where now' AND ""char_name"".""name"" BETWEEN 'Abe Tyson' AND 'üzletember' AND ""title"".""phonetic_code"" BETWEEN 'A2352' AND 'Z6565' AND ""person_info"".""note"" BETWEEN 'Gary Brumburgh / gr-home@pacbell.net' AND 'Ünsal Babayigit' AND ""name"".""gender"" BETWEEN 'f' AND 'm' AND ""cast_info"".""note"" BETWEEN '(advisor) (as Dan Carter)' AND '(épouse de Raymond)' AND ""role_type"".""role"" BETWEEN 'actor' AND 'writer';"
17c.sql,6,331516361,cast_info|complete_cast|kind_type|movie_companies|movie_keyword|movie_link|title,7,2c5beb9e,ok,"SELECT DISTINCT ON(""cast_info"".""id"") ""cast_info"".""person_id"" FROM ""cast_info"" LEFT JOIN ""title"" ON ""cast_info"".""movie_id"" = ""title"".""id"" LEFT JOIN ""complete_cast"" ON ""title"".""id"" = ""complete_cast"".""movie_id"" LEFT JOIN ""movie_keyword"" ON ""title"".""id"" = ""movie_keyword"".""movie_id"" LEFT JOIN ""movie_link"" ON ""title"".""id"" = ""movie_link"".""movie_id"" LEFT JOIN ""movie_companies"" ON ""title"".""id"" = ""movie_companies"".""movie_id"" LEFT JOIN ""kind_type"" ON ""title"".""kind_id"" = ""kind_type"".""id"" WHERE ""kind_type"".""kind"" BETWEEN 'episode' AND 'video movie' AND ""movie_link"".""linked_movie_id"" BETWEEN 11104 AND 2524994 AND ""movie_companies"".""note"" BETWEEN '(1911) (USA) (theatrical)' AND 'co-production)' AND ""title"".""series_years"" BETWEEN '1991-????' AND '????' AND ""complete_cast"".""status_id"" BETWEEN 3 AND 4 AND ""cast_info"".""note"" BETWEEN '(advisor) (as Dan Carter)' AND '(épouse de Raymond)';"
17d.sql,6,331516361,cast_info|char_name|complete_cast|kind_type|movie_companies|role_type|title,7,09dc5f36,ok,"SELECT DISTINCT ON(""cast_info"".""id"") ""cast_info"".""nr_order"" FROM ""cast_info"" LEFT JOIN ""role_type"" ON ""cast_info"".""role_id"" = ""role_type"".""id"" LEFT JOIN ""char_name"" ON ""cast_info"".""person_role_id"" = ""char_name"".""id"" LEFT JOIN ""title"" ON ""cast_info"".""movie_id"" = ""title"".""id"" LEFT JOIN ""complete_cast"" ON ""title"".""id"" = ""complete_cast"".""movie_id"" LEFT JOIN ""movie_companies"" ON ""title"".""id"" = ""movie_companies"".""movie_id"" LEFT JOIN ""kind_type"" ON ""title"".""kind_id"" = ""kind_type"".""id"" WHERE ""complete_cast"".""status_id"" BETWEEN 3 AND 4 AND ""char_name"".""imdb_index"" BETWEEN 'M' AND 'M' AND ""title"".""imdb_index"" BETWEEN 'IV' AND 'XXIV' AND ""movie_companies"".""note"" BETWEEN '(1911) (USA) (theatrical)' AND 'co-production)' AND ""cast_info"".""nr_order"" BETWEEN 0 AND 1115798165 AND ""role_type"".""role"" BETWEEN 'actor' AND 'writer' AND ""kind_type"".""kind"" BETWEEN 'episode' AND 'video movie';"
17e.sql,6,331516361,cast_info|kind_type|movie_link|name|person_info|role_type|title,7,ba5e907c,ok,"SELECT DISTINCT ON(""cast_info"".""id"") ""cast_info"".""note"" FROM ""cast_info"" LEFT JOIN ""name"" ON ""cast_info"".""person_id"" = ""name"".""id"" LEFT JOIN ""person_info"" ON ""name"".""id"" = ""person_info"".""person_id"" LEFT JOIN ""role_type"" ON ""cast_info"".""role_id"" = ""role_type"".""id"" LEFT JOIN ""title"" ON ""cast_info"".""movie_id"" = ""title"".""id"" LEFT JOIN ""movie_link"" ON ""title"".""id"" = ""movie_link"".""movie_id"" LEFT JOIN ""kind_type"" ON ""title"".""kind_id"" = ""kind_type"".""id"" WHERE ""kind_type"".""kind"" BETWEEN 'episode' AND 'video movie' AND ""movie_link"".""linked_movie_id"" BETWEEN 11104 AND 2524994 AND ""person_info"".""info"" BETWEEN '""Celebrity Sleuth"" (USA), 2004, Iss. 35' AND 'Þórsson, Sindri Eldon' AND ""role_type"".""role"" BETWEEN 'actor' AND 'writer' AND ""title"".""phonetic_code"" BETWEEN 'A2352' AND 'Z6565' AND ""cast_info"".""nr_order"" BETWEEN 0 AND 1115798165 AND ""name"".""surname_pcode"" BETWEEN 'A32' AND 'Z656';"
17f.sql,6,331516361,aka_name|aka_title|cast_info|movie_companies|name|role_type|title,7,c44a7274,ok,"SELECT DISTINCT ON(""cast_info"".""id"") ""cast_info"".""id"" FROM ""cast_info"" LEFT JOIN ""role_type"" ON ""cast_info"".""role_id"" = ""role_type"".""id"" LEFT JOIN ""title"" ON ""cast_info"".""movie_id"" = ""title"".""id"" LEFT JOIN ""name"" ON ""cast_info"".""person_id"" = ""name"".""id"" LEFT JOIN ""movie_companies"" ON ""title"".""id"" = ""movie_companies"".""movie_id"" LEFT JOIN ""aka_title"" ON ""title"".""id"" = ""aka_title"".""movie_id"" LEFT JOIN ""aka_name"" ON ""name"".""id"" = ""aka_name"".""person_id"" WHERE ""aka_name"".""name_pcode_cf"" BETWEEN 'A254' AND 'Z6565' AND ""title"".""imdb_index"" BETWEEN 'IV' AND 'XXIV' AND ""aka_title"".""production_year"" BETWEEN 1905 AND 2016 AND ""name"".""imdb_index"" BETWEEN 'I' AND 'XXXVIII' AND ""movie_companies"".""note"" BETWEEN '(1911) (USA) (theatrical)' AND 'co-production)' AND ""cast_info"".""nr_order"" BETWEEN 0 AND 1115798165 AND ""role_type"".""role"" BETWEEN 'actor' AND 'writer';"
18a.sql,6,601403228,cast_info|complete_cast|kind_type|movie_info|movie_info_idx|role_type|title,7,a51e903e,ok,"SELECT DISTINCT ON(""cast_info"".""id"") ""cast_info"".""person_role_id"" FROM ""cast_info"" LEFT JOIN ""title"" ON ""cast_info"".""movie_id"" = ""title"".""id"" LEFT JOIN ""role_type"" ON ""cast_info"".""role_id"" = ""role_type"".""id"" LEFT JOIN ""movie_info_idx"" ON ""title"".""id"" = ""movie_info_idx"".""movie_id"" LEFT JOIN ""movie_info"" ON ""title"".""id"" = ""movie_info"".""movie_id"" LEFT JOIN ""complete_cast"" ON ""title"".""id"" = ""complete_cast"".""movie_id"" LEFT JOIN ""kind_type"" ON ""title"".""kind_id"" = ""kind_type"".""id"" WHERE ""movie_info"".""info"" BETWEEN '$25,000' AND '€ 999,554 (Belgium) (25 March 2007)' AND ""kind_type"".""kind"" BETWEEN 'episode' AND 'video movie' AND ""role_type"".""role"" BETWEEN 'actor' AND 'writer' AND ""movie_info_idx"".""info"" BETWEEN '.....23010' AND '9997' AND ""title"".""phonetic_code"" BETWEEN 'A2352' AND 'Z6565' AND ""complete_cast"".""status_id"" BETWEEN 3 AND 4 AND ""cast_info"".""nr_order"" BETWEEN 0 AND 1115798165;"
18b.sql,6,601403228,aka_title|cast_info|char_name|movie_info_idx|movie_keyword|role_type|title,7,f3a70b55,ok,"SELECT DISTINCT ON(""cast_info"".""id"") ""cast_info"".""nr_order"" FROM ""cast_info"" LEFT JOIN ""char_name"" ON ""cast_info"".""person_role_id"" = ""char_name"".""id"" LEFT JOIN ""title"" ON ""cast_info"".""movie_id"" = ""title"".""id"" LEFT JOIN ""role_type"" ON ""cast_info"".""role_id"" = ""role_type"".""id"" LEFT JOIN ""movie_keyword"" ON ""title"".""id"" = ""movie_keyword"".""movie_id"" LEFT JOIN ""movie_info_idx"" ON ""title"".""id"" = ""movie_info_idx"".""movie_id"" LEFT JOIN ""aka_title"" ON ""title"".""id"" = ""aka_title"".""movie_id"" WHERE ""movie_info_idx"".""info"" BETWEEN '.....23010' AND '9997' AND ""char_name"".""md5sum"" BETWEEN '02915d50d5e08da33b86102ae812b444' AND 'fffffa526fd5c372942d57a412a9a4fe' AND ""title"".""series_years"" BETWEEN '1991-????' AND '????' AND ""aka_title"".""md5sum"" BETWEEN '0295f180951ddef467f872957d8b8705' AND 'ffffed51d8d1764c844259b95f49853e' AND ""cast_info"".""nr_order"" BETWEEN 0 AND 1115798165 AND ""role_type"".""role"" BETWEEN 'actor' AND 'writer';"
18c.sql,6,601403228,aka_name|aka_title|cast_info|char_name|complete_cast|name|title,7,0723781e,ok,"SELECT DISTINCT ON(""cast_info"".""id"") ""cast_info"".""movie_id"" FROM ""cast_info"" LEFT JOIN ""name"" ON ""cast_info"".""person_id"" = ""name"".""id"" LEFT JOIN ""aka_name"" ON ""name"".""id"" = ""aka_name"".""person_id"" LEFT JOIN ""char_name"" ON ""cast_info"".""person_role_id"" = ""char_name"".""id"" LEFT JOIN ""title"" ON ""cast_info"".""movie_id"" = ""title"".""id"" LEFT JOIN ""aka_title"" ON ""title"".""id"" = ""aka_title"".""movie_id"" LEFT JOIN ""complete_cast"" ON ""title"".""id"" = ""complete_cast"".""movie_id"" WHERE ""char_name"".""name"" BETWEEN 'Abe Tyson' AND 'üzletember' AND ""aka_name"".""name_pcode_nf"" BETWEEN 'A3415' AND 'Z6565' AND ""aka_title"".""phonetic_code"" BETWEEN 'A1652' AND 'Z6564' AND ""title"".""imdb_index"" BETWEEN 'IV' AND 'XXIV' AND ""complete_cast"".""status_id"" BETWEEN 3 AND 4 AND ""cast_info"".""nr_order"" BETWEEN 0 AND 1115798165 AND ""name"".""name_pcode_cf"" BETWEEN 'A2526' AND 'Z6565';"
19a.sql,9,655805480,aka_name|aka_title|cast_info|char_name|info_type|movie_info_idx|movie_keyword|name|role_type|title,10,4607ea64,ok,"SELECT DISTINCT ON(""aka_name"".""id"") ""aka_name"".""name_pcode_nf"" FROM ""aka_name"" LEFT JOIN ""name"" ON ""aka_name"".""person_id"" = ""name"".""id"" LEFT JOIN ""cast_info"" ON ""name"".""id"" = ""cast_info"".""person_id"" LEFT JOIN ""char_name"" ON ""cast_info"".""person_role_id"" = ""char_name"".""id"" LEFT JOIN ""role_type"" ON ""cast_info"".""role_id"" = ""role_type"".""id"" LEFT JOIN ""title"" ON ""cast_info"".""movie_id"" = ""title"".""id"" LEFT JOIN ""movie_info_idx"" ON ""title"".""id"" = ""movie_info_idx"".""movie_id"" LEFT JOIN ""movie_keyword"" ON ""title"".""id"" = ""movie_keyword"".""movie_id"" LEFT JOIN ""aka_title"" ON ""title"".""id"" = ""aka_title"".""movie_id"" LEFT JOIN ""info_type"" ON ""movie_info_idx"".""info_type_id"" = ""info_type"".""id"" WHERE ""movie_info_idx"".""info"" BETWEEN '.....23010' AND '9997' AND ""aka_name"".""surname_pcode"" BETWEEN 'A362' AND 'Z656' AND ""info_type"".""info"" BETWEEN 'LD additional information' AND 'where now' AND ""char_name"".""surname_pcode"" BETWEEN 'A2514' AND 'Z6562' AND ""title"".""episode_nr"" BETWEEN 1 AND 91821 AND ""aka_title"".""season_nr"" BETWEEN 1 AND 63 AND ""name"".""gender"" BETWEEN 'f' AND 'm' AND ""cast_info"".""note"" BETWEEN '(advisor) (as Dan Carter)' AND '(épouse de Raymond)' AND ""role_type"".""role"" BETWEEN 'actor' AND 'writer';"
19b.sql,9,655805480,aka_name|aka_title|cast_info|char_name|keyword|kind_type|movie_info|movie_keyword|name|title,10,e7c3c164,ok,"SELECT DISTINCT ON(""aka_name"".""id"") ""aka_name"".""id"" FROM ""aka_name"" LEFT JOIN ""name"" ON ""aka_name"".""person_id"" = ""name"".""id"" LEFT JOIN ""cast_info"" ON ""name"".""id"" = ""cast_info"".""person_id"" LEFT JOIN ""char_name"" ON ""cast_info"".""person_role_id"" = ""char_name"".""id"" LEFT JOIN ""title"" ON ""cast_info"".""movie_id"" = ""title"".""id"" LEFT JOIN ""movie_info"" ON ""title"".""id"" = ""movie_info"".""movie_id"" LEFT JOIN ""aka_title"" ON ""title"".""id"" = ""aka_title"".""movie_id"" LEFT JOIN ""movie_keyword"" ON ""title"".""id"" = ""movie_keyword"".""movie_id"" LEFT JOIN ""keyword"" ON ""movie_keyword"".""keyword_id"" = ""keyword"".""id"" LEFT JOIN ""kind_type"" ON ""title"".""kind_id"" = ""kind_type"".""id"" WHERE ""char_name"".""surname_pcode"" BETWEEN 'A2514' AND 'Z6562' AND ""aka_name"".""imdb_index"" BETWEEN 'IV' AND 'IV' AND ""movie_info"".""info"" BETWEEN '$25,000' AND '€ 999,554 (Belgium) (25 March 2007)' AND ""kind_type"".""kind"" BETWEEN 'episode' AND 'video movie' AND ""aka_title"".""episode_of_id"" BETWEEN 465 AND 25391 AND ""keyword"".""keyword"" BETWEEN 'acidosis' AND 'øresund' AND ""title"".""phonetic_code"" BETWEEN 'A2352' AND 'Z6565' AND ""cast_info"".""nr_order"" BETWEEN 0 AND 1115798165 AND ""name"".""name_pcode_nf"" BETWEEN 'A2621' AND 'Z6565';"
19c.sql,9,655805480,aka_name|cast_info|char_name|info_type|kind_type|movie_info_idx|name|person_info|role_type|title,10,f8877e4a,ok,"SELECT DISTINCT ON(""aka_name"".""id"") ""aka_name"".""imdb_index"" FROM ""aka_name"" LEFT JOIN ""name"" ON ""aka_name"".""person_id"" = ""name"".""id"" LEFT JOIN ""person_info"" ON ""name"".""id"" = ""person_info"".""person_id"" LEFT JOIN ""cast_info"" ON ""name"".""id"" = ""cast_info"".""person_id"" LEFT JOIN ""char_name"" ON ""cast_info"".""person_role_id"" = ""char_name"".""id"" LEFT JOIN ""info_type"" ON ""person_info"".""info_type_id"" = ""info_type"".""id"" LEFT JOIN ""movie_info_idx"" ON ""info_type"".""id"" = ""movie_info_idx"".""info_type_id"" LEFT JOIN ""title"" ON ""cast_info"".""movie_id"" = ""title"".""id"" LEFT JOIN ""role_type"" ON ""cast_info"".""role_id"" = ""role_type"".""id"" LEFT JOIN ""kind_type"" ON ""title"".""kind_id"" = ""kind_type"".""id"" WHERE ""movie_info_idx"".""info"" BETWEEN '.....23010' AND '9997' AND ""aka_name"".""surname_pcode"" BETWEEN 'A362' AND 'Z656' AND ""info_type"".""info"" BETWEEN 'LD additional information' AND 'where now' AND ""char_name"".""name_pcode_nf"" BETWEEN 'A252' AND 'Z6565' AND ""title"".""title"" BETWEEN '(#1.10964)' AND 'üç' AND ""person_info"".""info"" BETWEEN '""Celebrity Sleuth"" (USA), 2004, Iss. 35' AND 'Þórsson, Sindri Eldon' AND ""name"".""surname_pcode"" BETWEEN 'A32' AND 'Z656' AND ""cast_info"".""note"" BETWEEN '(advisor) (as Dan Carter)' AND '(épouse de Raymond)' AND ""role_type"".""role"" BETWEEN 'actor' AND 'writer' AND ""kind_type"".""kind"" BETWEEN 'episode' AND 'video movie';"
19d.sql,9,655805480,aka_name|cast_info|complete_cast|info_type|link_type|movie_info|movie_link|name|person_info|title,10,e2382e0b,ok,"SELECT DISTINCT ON(""aka_name"".""id"") ""aka_name"".""surname_pcode"" FROM ""aka_name"" LEFT JOIN ""name"" ON ""aka_name"".""person_id"" = ""name"".""id"" LEFT JOIN ""person_info"" ON ""name"".""id"" = ""person_info"".""person_id"" LEFT JOIN ""info_type"" ON ""person_info"".""info_type_id"" = ""info_type"".""id"" LEFT JOIN ""movie_info"" ON ""info_type"".""id"" = ""movie_info"".""info_type_id"" LEFT JOIN ""title"" ON ""movie_info"".""movie_id"" = ""title"".""id"" LEFT JOIN ""movie_link"" ON ""title"".""id"" = ""movie_link"".""movie_id"" LEFT JOIN ""cast_info"" ON ""title"".""id"" = ""cast_info"".""movie_id"" LEFT JOIN ""link_type"" ON ""movie_link"".""link_type_id"" = ""link_type"".""id"" LEFT JOIN ""complete_cast"" ON ""title"".""id"" = ""complete_cast"".""movie_id"" WHERE ""link_type"".""link"" BETWEEN 'alternate language version of' AND 'version of' AND ""aka_name"".""name_pcode_nf"" BETWEEN 'A3415' AND 'Z6565' AND ""movie_info"".""note"" BETWEEN '(Berlin International Film Festival)' AND 'ôtre k''ôtre' AND ""movie_link"".""linked_movie_id"" BETWEEN 11104 AND 2524994 AND ""person_info"".""note"" BETWEEN 'Gary Brumburgh / gr-home@pacbell.net' AND 'Ünsal Babayigit' AND ""info_type"".""info"" BETWEEN 'LD additional information' AND 'where now' AND ""title"".""episode_of_id"" BETWEEN 15711 AND 2528186 AND ""complete_cast"".""status_id"" BETWEEN 3 AND 4 AND ""cast_info"".""note"" BETWEEN '(advisor) (as Dan Carter)' AND '(épouse de Raymond)' AND ""name"".""surname_pcode"" BETWEEN 'A32' AND 'Z656';"
1a.sql,4,62253403,company_type|complete_cast|movie_companies|movie_info|title,5,77c785d3,ok,"SELECT DISTINCT ON(""company_type"".""id"") ""company_type"".""kind"" FROM ""company_type"" LEFT JOIN ""movie_companies"" ON ""company_type"".""id"" = ""movie_companies"".""company_type_id"" LEFT JOIN ""title"" ON ""movie_companies"".""movie_id"" = ""title"".""id"" LEFT JOIN ""movie_info"" ON ""title"".""id"" = ""movie_info"".""movie_id"" LEFT JOIN ""complete_cast"" ON ""title"".""id"" = ""complete_cast"".""movie_id"" WHERE ""complete_cast"".""status_id"" BETWEEN 3 AND 4 AND ""movie_companies"".""note"" BETWEEN '(1911) (USA) (theatrical)' AND 'co-production)' AND ""title"".""title"" BETWEEN '(#1.10964)' AND 'üç' AND ""company_type"".""kind"" BETWEEN 'distributors' AND 'special effects companies' AND ""movie_info"".""info"" BETWEEN '$25,000' AND '€ 999,554 (Belgium) (25 March 2007)';"
1b.sql,4,62253403,cast_info|company_name|company_type|movie_companies|title,5,682bf3d4,ok,"SELECT DISTINCT ON(""company_type"".""id"") ""company_type"".""id"" FROM ""company_type"" LEFT JOIN ""movie_companies"" ON ""company_type"".""id"" = ""movie_companies"".""company_type_id"" LEFT JOIN ""company_name"" ON ""movie_companies"".""company_id"" = ""company_name"".""id"" LEFT JOIN ""title"" ON ""movie_companies"".""movie_id"" = ""title"".""id"" LEFT JOIN ""cast_info"" ON ""title"".""id"" = ""cast_info"".""movie_id"" WHERE ""movie_companies"".""note"" BETWEEN '(1911) (USA) (theatrical)' AND 'co-production)' AND ""company_name"".""md5sum"" BETWEEN '0297e5ec22db809e0ff2b2ac09985ab9' AND 'ffff4e2362f22b10d3ac911e2f963b2a' AND ""company_type"".""kind"" BETWEEN 'distributors' AND 'special effects companies' AND ""title"".""imdb_index"" BETWEEN 'IV' AND 'XXIV' AND ""cast_info"".""note"" BETWEEN '(advisor) (as Dan Carter)' AND '(épouse de Raymond)';"
1c.sql,4,62253403,company_name|company_type|movie_companies|movie_info|title,5,32ab07f3,ok,"SELECT DISTINCT ON(""company_type"".""id"") ""company_type"".""kind"" FROM ""company_type"" LEFT JOIN ""movie_companies"" ON ""company_type"".""id"" = ""movie_companies"".""company_type_id"" LEFT JOIN ""title"" ON ""movie_companies"".""movie_id"" = ""title"".""id"" LEFT JOIN ""company_name"" ON ""movie_companies"".""company_id"" = ""company_name"".""id"" LEFT JOIN ""movie_info"" ON ""title"".""id"" = ""movie_info"".""movie_id"" WHERE ""company_name"".""md5sum"" BETWEEN '0297e5ec22db809e0ff2b2ac09985ab9' AND 'ffff4e2362f22b10d3ac911e2f963b2a' AND ""movie_companies"".""note"" BETWEEN '(1911) (USA) (theatrical)' AND 'co-production)' AND ""title"".""season_nr"" BETWEEN 1 AND 2013 AND ""company_type"".""kind"" BETWEEN 'distributors' AND 'special effects companies' AND ""movie_info"".""info"" BETWEEN '$25,000' AND '€ 999,554 (Belgium) (25 March 2007)';"
1d.sql,4,62253403,company_type|kind_type|movie_companies|movie_keyword|title,5,fd3ae158,ok,"SELECT DISTINCT ON(""company_type"".""id"") ""company_type"".""id"" FROM ""company_type"" LEFT JOIN ""movie_companies"" ON ""company_type"".""id"" = ""movie_companies"".""company_type_id"" LEFT JOIN ""title"" ON ""movie_companies"".""movie_id"" = ""title"".""id"" LEFT JOIN ""kind_type"" ON ""title"".""kind_id"" = ""kind_type"".""id"" LEFT JOIN ""movie_keyword"" ON ""title"".""id"" = ""movie_keyword"".""movie_id"" WHERE ""kind_type"".""kind"" BETWEEN 'episode' AND 'video movie' AND ""movie_companies"".""note"" BETWEEN '(1911) (USA) (theatrical)' AND 'co-production)' AND ""company_type"".""kind"" BETWEEN 'distributors' AND 'special effects companies' AND ""title"".""season_nr"" BETWEEN 1 AND 2013;"
20a.sql,9,340237115,cast_info|char_name|comp_cast_type|complete_cast|kind_type|movie_companies|movie_info|movie_keyword|movie_link|title,10,367e2447,ok,"SELECT DISTINCT ON(""complete_cast"".""id"") ""complete_cast"".""id"" FROM ""complete_cast"" LEFT JOIN ""comp_cast_type"" ON ""complete_cast"".""subject_id"" = ""comp_cast_type"".""id"" LEFT JOIN ""title"" ON ""complete_cast"".""movie_id"" = ""title"".""id"" LEFT JOIN ""movie_companies"" ON ""title"".""id"" = ""movie_companies"".""movie_id"" LEFT JOIN ""movie_info"" ON ""title"".""id"" = ""movie_info"".""movie_id"" LEFT JOIN ""cast_info"" ON ""title"".""id"" = ""cast_info"".""movie_id"" LEFT JOIN ""char_name"" ON ""cast_info"".""person_role_id"" = ""char_name"".""id"" LEFT JOIN ""kind_type"" ON ""title"".""kind_id"" = ""kind_type"".""id"" LEFT JOIN ""movie_link"" ON ""title"".""id"" = ""movie_link"".""movie_id"" LEFT JOIN ""movie_keyword"" ON ""title"".""id"" = ""movie_keyword"".""movie_id"" WHERE ""complete_cast"".""status_id"" BETWEEN 3 AND 4 AND ""movie_companies"".""note"" BETWEEN '(1911) (USA) (theatrical)' AND 'co-production)' AND ""char_name"".""name_pcode_nf"" BETWEEN 'A252' AND 'Z6565' AND ""comp_cast_type"".""kind"" BETWEEN 'cast' AND 'crew' AND ""title"".""episode_of_id"" BETWEEN 15711 AND 2528186 AND ""movie_link"".""linked_movie_id"" BETWEEN 11104 AND 2524994 AND ""movie_info"".""info"" BETWEEN '$25,000' AND '€ 999,554 (Belgium) (25 March 2007)' AND ""cast_info"".""note"" BETWEEN '(advisor) (as Dan Carter)' AND '(épouse de Raymond)' AND ""kind_type"".""kind"" BETWEEN 'episode' AND 'video movie';"
20b.sql,9,340237115,aka_title|cast_info|comp_cast_type|complete_cast|keyword|movie_info|movie_keyword|movie_link|role_type|title,10,b648aff6,ok,"SELECT DISTINCT ON(""complete_cast"".""id"") ""complete_cast"".""movie_id"" FROM ""complete_cast"" LEFT JOIN ""comp_cast_type"" ON ""complete_cast"".""subject_id"" = ""comp_cast_type"".""id"" LEFT JOIN ""title"" ON ""complete_cast"".""movie_id"" = ""title"".""id"" LEFT JOIN ""cast_info"" ON ""title"".""id"" = ""cast_info"".""movie_id"" LEFT JOIN ""role_type"" ON ""cast_info"".""role_id"" = ""role_type"".""id"" LEFT JOIN ""movie_keyword"" ON ""title"".""id"" = ""movie_keyword"".""movie_id"" LEFT JOIN ""aka_title"" ON ""title"".""id"" = ""aka_title"".""movie_id"" LEFT JOIN ""movie_link"" ON ""title"".""id"" = ""movie_link"".""movie_id"" LEFT JOIN ""movie_info"" ON ""title"".""id"" = ""movie_info"".""movie_id"" LEFT JOIN ""keyword"" ON ""movie_keyword"".""keyword_id"" = ""keyword"".""id"" WHERE ""comp_cast_type"".""kind"" BETWEEN 'cast' AND 'crew' AND ""movie_info"".""note"" BETWEEN '(Berlin International Film Festival)' AND 'ôtre k''ôtre' AND ""movie_link"".""linked_movie_id"" BETWEEN 11104 AND 2524994 AND ""aka_title"".""md5sum"" BETWEEN '0295f180951ddef467f872957d8b8705' AND 'ffffed51d8d1764c844259b95f49853e' AND ""role_type"".""role"" BETWEEN 'actor' AND 'writer' AND ""keyword"".""phonetic_code"" BETWEEN 'A2364' AND 'Z653' AND ""title"".""md5sum"" BETWEEN '0296d2b20235be36849d015e34d80f2c' AND 'fffffec1b13bc6af69f56864884364e4' AND ""complete_cast"".""status_id"" BETWEEN 3 AND 4 AND ""cast_info"".""note"" BETWEEN '(advisor) (as Dan Carter)' AND '(épouse de Raymond)';"
20c.sql,9,340237115,aka_title|comp_cast_type|company_name|company_type|complete_cast|kind_type|movie_companies|movie_info|movie_info_idx|title,10,7afcc0f4,ok,"SELECT DISTINCT ON(""complete_cast"".""id"") ""complete_cast"".""id"" FROM ""complete_cast"" LEFT JOIN ""comp_cast_type"" ON ""complete_cast"".""subject_id"" = ""comp_cast_type"".""id"" LEFT JOIN ""title"" ON ""complete_cast"".""movie_id"" = ""title"".""id"" LEFT JOIN ""movie_info"" ON ""title"".""id"" = ""movie_info"".""movie_id"" LEFT JOIN ""movie_companies"" ON ""title"".""id"" = ""movie_companies"".""movie_id"" LEFT JOIN ""aka_title"" ON ""title"".""id"" = ""aka_title"".""movie_id"" LEFT JOIN ""kind_type"" ON ""title"".""kind_id"" = ""kind_type"".""id"" LEFT JOIN ""movie_info_idx"" ON ""title"".""id"" = ""movie_info_idx"".""movie_id"" LEFT JOIN ""company_type"" ON ""movie_companies"".""company_type_id"" = ""company_type"".""id"" LEFT JOIN ""company_name"" ON ""movie_companies"".""company_id"" = ""company_name"".""id"" WHERE ""movie_info_idx"".""info"" BETWEEN '.....23010' AND '9997' AND ""company_name"".""name_pcode_nf"" BETWEEN 'A2121' AND 'Z6543' AND ""complete_cast"".""status_id"" BETWEEN 3 AND 4 AND ""comp_cast_type"".""kind"" BETWEEN 'cast' AND 'crew' AND ""title"".""episode_of_id"" BETWEEN 15711 AND 2528186 AND ""company_type"".""kind"" BETWEEN 'distributors' AND 'special effects companies' AND ""movie_info"".""note"" BETWEEN '(Berlin International Film Festival)' AND 'ôtre k''ôtre' AND ""aka_title"".""production_year"" BETWEEN 1905 AND 2016 AND ""movie_companies"".""note"" BETWEEN '(1911) (USA) (theatrical)' AND 'co-production)' AND ""kind_type"".""kind"" BETWEEN 'episode' AND 'video movie';"
21a.sql,8,365042328,aka_title|cast_info|comp_cast_type|company_name|company_type|complete_cast|movie_companies|movie_link|title,9,85575e15,ok,"SELECT DISTINCT ON(""company_name"".""id"") ""company_name"".""id"" FROM ""company_name"" LEFT JOIN ""movie_companies"" ON ""company_name"".""id"" = ""movie_companies"".""company_id"" LEFT JOIN ""company_type"" ON ""movie_companies"".""company_type_id"" = ""company_type"".""id"" LEFT JOIN ""title"" ON ""movie_companies"".""movie_id"" = ""title"".""id"" LEFT JOIN ""movie_link"" ON ""title"".""id"" = ""movie_link"".""movie_id"" LEFT JOIN ""aka_title"" ON ""title"".""id"" = ""aka_title"".""movie_id"" LEFT JOIN ""complete_cast"" ON ""title"".""id"" = ""complete_cast"".""movie_id"" LEFT JOIN ""comp_cast_type"" ON ""complete_cast"".""subject_id"" = ""comp_cast_type"".""id"" LEFT JOIN ""cast_info"" ON ""title"".""id"" = ""cast_info"".""movie_id"" WHERE ""comp_cast_type"".""kind"" BETWEEN 'cast' AND 'crew' AND ""movie_link"".""linked_movie_id"" BETWEEN 11104 AND 2524994 AND ""movie_companies"".""note"" BETWEEN '(1911) (USA) (theatrical)' AND 'co-production)' AND ""aka_title"".""episode_nr"" BETWEEN 1 AND 4315 AND ""company_name"".""name_pcode_sf"" BETWEEN 'A2145' AND 'Z6543' AND ""company_type"".""kind"" BETWEEN 'distributors' AND 'special effects companies' AND ""title"".""md5sum"" BETWEEN '0296d2b20235be36849d015e34d80f2c' AND 'fffffec1b13bc6af69f56864884364e4' AND ""complete_cast"".""status_id"" BETWEEN 3 AND 4 AND ""cast_info"".""note"" BETWEEN '(advisor) (as Dan Carter)' AND '(épouse de Raymond)';"
21b.sql,8,365042328,cast_info|char_name|company_name|company_type|kind_type|movie_companies|movie_info|name|title,9,67f0c150,ok,"SELECT DISTINCT ON(""company_name"".""id"") ""company_name"".""id"" FROM ""company_name"" LEFT JOIN ""movie_companies"" ON ""company_name"".""id"" = ""movie_companies"".""company_id"" LEFT JOIN ""company_type"" ON ""movie_companies"".""company_type_id"" = ""company_type"".""id"" LEFT JOIN ""title"" ON ""movie_companies"".""movie_id"" = ""title"".""id"" LEFT JOIN ""movie_info"" ON ""title"".""id"" = ""movie_info"".""movie_id"" LEFT JOIN ""kind_type"" ON ""title"".""kind_id"" = ""kind_type"".""id"" LEFT JOIN ""cast_info"" ON ""title"".""id"" = ""cast_info"".""movie_id"" LEFT JOIN ""char_name"" ON ""cast_info"".""person_role_id"" = ""char_name"".""id"" LEFT JOIN ""name"" ON ""cast_info"".""person_id"" = ""name"".""id"" WHERE ""company_name"".""md5sum"" BETWEEN '0297e5ec22db809e0ff2b2ac09985ab9' AND 'ffff4e2362f22b10d3ac911e2f963b2a' AND ""movie_companies"".""note"" BETWEEN '(1911) (USA) (theatrical)' AND 'co-production)' AND ""char_name"".""imdb_index"" BETWEEN 'M' AND 'M' AND ""title"".""season_nr"" BETWEEN 1 AND 2013 AND ""company_type"".""kind"" BETWEEN 'distributors' AND 'special effects companies' AND ""name"".""surname_pcode"" BETWEEN 'A32' AND 'Z656' AND ""movie_info"".""note"" BETWEEN '(Berlin International Film Festival)' AND 'ôtre k''ôtre' AND ""cast_info"".""nr_order"" BETWEEN 0 AND 1115798165 AND ""kind_type"".""kind"" BETWEEN 'episode' AND 'video movie';"
21c.sql,8,365042328,aka_title|company_name|info_type|kind_type|movie_companies|movie_info|movie_keyword|movie_link|title,9,c65e9306,ok,"SELECT DISTINCT ON(""company_name"".""id"") ""company_name"".""name_pcode_sf"" FROM ""company_name"" LEFT JOIN ""movie_companies"" ON ""company_name"".""id"" = ""movie_companies"".""company_id"" LEFT JOIN ""title"" ON ""movie_companies"".""movie_id"" = ""title"".""id"" LEFT JOIN ""aka_title"" ON ""title"".""id"" = ""aka_title"".""movie_id"" LEFT JOIN ""kind_type"" ON ""title"".""kind_id"" = ""kind_type"".""id"" LEFT JOIN ""movie_link"" ON ""title"".""id"" = ""movie_link"".""movie_id"" LEFT JOIN ""movie_info"" ON ""title"".""id"" = ""movie_info"".""movie_id"" LEFT JOIN ""movie_keyword"" ON ""title"".""id"" = ""movie_keyword"".""movie_id"" LEFT JOIN ""info_type"" ON ""movie_info"".""info_type_id"" = ""info_type"".""id"" WHERE ""movie_info"".""note"" BETWEEN '(Berlin International Film Festival)' AND 'ôtre k''ôtre' AND ""kind_type"".""kind"" BETWEEN 'episode' AND 'video movie' AND ""movie_link"".""linked_movie_id"" BETWEEN 11104 AND 2524994 AND ""movie_companies"".""note"" BETWEEN '(1911) (USA) (theatrical)' AND 'co-production)' AND ""aka_title"".""episode_nr"" BETWEEN 1 AND 4315 AND ""info_type"".""info"" BETWEEN 'LD additional information' AND 'where now' AND ""company_name"".""name"" BETWEEN '6 {ft} 1 Productions' AND 'ö Filmproduktion' AND ""title"".""title"" BETWEEN '(#1.10964)' AND 'üç';"
22a.sql,10,375962937,aka_title|cast_info|char_name|company_name|company_type|kind_type|movie_companies|movie_info_idx|movie_keyword|role_type|title,11,53045012,ok,"SELECT DISTINCT ON(""company_name"".""id"") ""company_name"".""name"" FROM ""company_name"" LEFT JOIN ""movie_companies"" ON ""company_name"".""id"" = ""movie_companies"".""company_id"" LEFT JOIN ""title"" ON ""movie_companies"".""movie_id"" = ""title"".""id"" LEFT JOIN ""movie_info_idx"" ON ""title"".""id"" = ""movie_info_idx"".""movie_id"" LEFT JOIN ""cast_info"" ON ""title"".""id"" = ""cast_info"".""movie_id"" LEFT JOIN ""char_name"" ON ""cast_info"".""person_role_id"" = ""char_name"".""id"" LEFT JOIN ""kind_type"" ON ""title"".""kind_id"" = ""kind_type"".""id"" LEFT JOIN ""company_type"" ON ""movie_companies"".""company_type_id"" = ""company_type"".""id"" LEFT JOIN ""aka_title"" ON ""kind_type"".""id"" = ""aka_title"".""kind_id"" LEFT JOIN ""movie_keyword"" ON ""title"".""id"" = ""movie_keyword"".""movie_id"" LEFT JOIN ""role_type"" ON ""cast_info"".""role_id"" = ""role_type"".""id"" WHERE ""company_name"".""name_pcode_nf"" BETWEEN 'A2121' AND 'Z6543' AND ""movie_info_idx"".""info"" BETWEEN '.....23010' AND '9997' AND ""char_name"".""imdb_index"" BETWEEN 'M' AND 'M' AND ""title"".""title"" BETWEEN '(#1.10964)' AND 'üç' AND ""company_type"".""kind"" BETWEEN 'distributors' AND 'special effects companies' AND ""aka_title"".""imdb_index"" BETWEEN 'XII' AND 'XII' AND ""movie_companies"".""note"" BETWEEN '(1911) (USA) (theatrical)' AND 'co-production)' AND ""cast_info"".""note"" BETWEEN '(advisor) (as Dan Carter)' AND '(épouse de Raymond)' AND ""role_type"".""role"" BETWEEN 'actor' AND 'writer' AND ""kind_type"".""kind"" BETWEEN 'episode' AND 'video movie';"
22b.sql,10,375962937,cast_info|company_name|company_type|info_type|kind_type|movie_companies|movie_info|movie_info_idx|movie_keyword|person_info|title,11,a858c83c,ok,"SELECT DISTINCT ON(""company_name"".""id"") ""company_name"".""imdb_id"" FROM ""company_name"" LEFT JOIN ""movie_companies"" ON ""company_name"".""id"" = ""movie_companies"".""company_id"" LEFT JOIN ""company_type"" ON ""movie_companies"".""company_type_id"" = ""company_type"".""id"" LEFT JOIN ""title"" ON ""movie_companies"".""movie_id"" = ""title"".""id"" LEFT JOIN ""movie_info_idx"" ON ""title"".""id"" = ""movie_info_idx"".""movie_id"" LEFT JOIN ""info_type"" ON ""movie_info_idx"".""info_type_id"" = ""info_type"".""id"" LEFT JOIN ""cast_info"" ON ""title"".""id"" = ""cast_info"".""movie_id"" LEFT JOIN ""kind_type"" ON ""title"".""kind_id"" = ""kind_type"".""id"" LEFT JOIN ""movie_keyword"" ON ""title"".""id"" = ""movie_keyword"".""movie_id"" LEFT JOIN ""movie_info"" ON ""title"".""id"" = ""movie_info"".""movie_id"" LEFT JOIN ""person_info"" ON ""info_type"".""id"" = ""person_info"".""info_type_id"" WHERE ""movie_info"".""note"" BETWEEN '(Berlin International Film Festival)' AND 'ôtre k''ôtre' AND ""kind_type"".""kind"" BETWEEN 'episode' AND 'video movie' AND ""movie_companies"".""note"" BETWEEN '(1911) (USA) (theatrical)' AND 'co-production)' AND ""person_info"".""note"" BETWEEN 'Gary Brumburgh / gr-home@pacbell.net' AND 'Ünsal Babayigit' AND ""info_type"".""info"" BETWEEN 'LD additional information' AND 'where now' AND ""company_name"".""name_pcode_nf"" BETWEEN 'A2121' AND 'Z6543' AND ""company_type"".""kind"" BETWEEN 'distributors' AND 'special effects companies' AND ""movie_info_idx"".""info"" BETWEEN '.....23010' AND '9997' AND ""title"".""phonetic_code"" BETWEEN 'A2352' AND 'Z6565' AND ""cast_info"".""nr_order"" BETWEEN 0 AND 1115798165;"
22c.sql,10,375962937,aka_title|cast_info|company_name|company_type|keyword|movie_companies|movie_info|movie_keyword|name|role_type|title,11,eaf94d17,ok,"SELECT DISTINCT ON(""company_name"".""id"") ""company_name"".""id"" FROM ""company_name"" LEFT JOIN ""movie_companies"" ON ""company_name"".""id"" = ""movie_companies"".""company_id"" LEFT JOIN ""title"" ON ""movie_companies"".""movie_id"" = ""title"".""id"" LEFT JOIN ""aka_title"" ON ""title"".""id"" = ""aka_title"".""movie_id"" LEFT JOIN ""cast_info"" ON ""title"".""id"" = ""cast_info"".""movie_id"" LEFT JOIN ""role_type"" ON ""cast_info"".""role_id"" = ""role_type"".""id"" LEFT JOIN ""movie_info"" ON ""title"".""id"" = ""movie_info"".""movie_id"" LEFT JOIN ""name"" ON ""cast_info"".""person_id"" = ""name"".""id"" LEFT JOIN ""company_type"" ON ""movie_companies"".""company_type_id"" = ""company_type"".""id"" LEFT JOIN ""movie_keyword"" ON ""title"".""id"" = ""movie_keyword"".""movie_id"" LEFT JOIN ""keyword"" ON ""movie_keyword"".""keyword_id"" = ""keyword"".""id"" WHERE ""company_name"".""name_pcode_nf"" BETWEEN 'A2121' AND 'Z6543' AND ""title"".""md5sum"" BETWEEN '0296d2b20235be36849d015e34d80f2c' AND 'fffffec1b13bc6af69f56864884364e4' AND ""company_type"".""kind"" BETWEEN 'distributors' AND 'special effects companies' AND ""keyword"".""phonetic_code"" BETWEEN 'A2364' AND 'Z653' AND ""aka_title"".""note"" BETWEEN '(Australia) (rerun title)' AND '(working ttitle)' AND ""movie_info"".""info"" BETWEEN '$25,000' AND '€ 999,554 (Belgium) (25 March 2007)' AND ""name"".""imdb_index"" BETWEEN 'I' AND 'XXXVIII' AND ""movie_companies"".""note"" BETWEEN '(1911) (USA) (theatrical)' AND 'co-production)' AND ""cast_info"".""note"" BETWEEN '(advisor) (as Dan Carter)' AND '(épouse de Raymond)' AND ""role_type"".""role"" BETWEEN 'actor' AND 'writer';"
22d.sql,10,375962937,aka_title|comp_cast_type|company_name|company_type|complete_cast|kind_type|movie_companies|movie_info_idx|movie_keyword|movie_link|title,11,55777b6f,ok,"SELECT DISTINCT ON(""company_name"".""id"") ""company_name"".""id"" FROM ""company_name"" LEFT JOIN ""movie_companies"" ON ""company_name"".""id"" = ""movie_companies"".""company_id"" LEFT JOIN ""company_type"" ON ""movie_companies"".""company_type_id"" = ""company_type"".""id"" LEFT JOIN ""title"" ON ""movie_companies"".""movie_id"" = ""title"".""id"" LEFT JOIN ""aka_title"" ON ""title"".""id"" = ""aka_title"".""movie_id"" LEFT JOIN ""complete_cast"" ON ""title"".""id"" = ""complete_cast"".""movie_id"" LEFT JOIN ""movie_link"" ON ""title"".""id"" = ""movie_link"".""movie_id"" LEFT JOIN ""movie_info_idx"" ON ""title"".""id"" = ""movie_info_idx"".""movie_id"" LEFT JOIN ""kind_type"" ON ""aka_title"".""kind_id"" = ""kind_type"".""id"" LEFT JOIN ""movie_keyword"" ON ""title"".""id"" = ""movie_keyword"".""movie_id"" LEFT JOIN ""comp_cast_type"" ON ""complete_cast"".""subject_id"" = ""comp_cast_type"".""id"" WHERE ""comp_cast_type"".""kind"" BETWEEN 'cast' AND 'crew' AND ""kind_type"".""kind"" BETWEEN 'episode' AND 'video movie' AND ""movie_link"".""linked_movie_id"" BETWEEN 11104 AND 2524994 AND ""movie_companies"".""note"" BETWEEN '(1911) (USA) (theatrical)' AND 'co-production)' AND ""aka_title"".""title"" BETWEEN 'A Ballad About Green Wood' AND 'þõîñ' AND ""company_name"".""country_code"" BETWEEN '[at]' AND '[zw]' AND ""company_type"".""kind"" BETWEEN 'distributors' AND 'special effects companies' AND ""movie_info_idx"".""info"" BETWEEN '.....23010' AND '9997' AND ""title"".""series_years"" BETWEEN '1991-????' AND '????' AND ""complete_cast"".""status_id"" BETWEEN 3 AND 4;"
23a.sql,10,365463009,cast_info|comp_cast_type|company_name|complete_cast|info_type|movie_companies|movie_info|movie_info_idx|movie_keyword|movie_link|title,11,9953664d,ok,"SELECT DISTINCT ON(""complete_cast"".""id"") ""complete_cast"".""movie_id"" FROM ""complete_cast"" LEFT JOIN ""comp_cast_type"" ON ""complete_cast"".""subject_id"" = ""comp_cast_type"".""id"" LEFT JOIN ""title"" ON ""complete_cast"".""movie_id"" = ""title"".""id"" LEFT JOIN ""movie_info_idx"" ON ""title"".""id"" = ""movie_info_idx"".""movie_id"" LEFT JOIN ""info_type"" ON ""movie_info_idx"".""info_type_id"" = ""info_type"".""id"" LEFT JOIN ""movie_link"" ON ""title"".""id"" = ""movie_link"".""movie_id"" LEFT JOIN ""cast_info"" ON ""title"".""id"" = ""cast_info"".""movie_id"" LEFT JOIN ""movie_info"" ON ""info_type"".""id"" = ""movie_info"".""info_type_id"" LEFT JOIN ""movie_companies"" ON ""title"".""id"" = ""movie_companies"".""movie_id"" LEFT JOIN ""company_name"" ON ""movie_companies"".""company_id"" = ""company_name"".""id"" LEFT JOIN ""movie_keyword"" ON ""title"".""id"" = ""movie_keyword"".""movie_id"" WHERE ""movie_info_idx"".""info"" BETWEEN '.....23010' AND '9997' AND ""company_name"".""name_pcode_nf"" BETWEEN 'A2121' AND 'Z6543' AND ""complete_cast"".""status_id"" BETWEEN 3 AND 4 AND ""info_type"".""info"" BETWEEN 'LD additional information' AND 'where now' AND ""movie_companies"".""note"" BETWEEN '(1911) (USA) (theatrical)' AND 'co-production)' AND ""comp_cast_type"".""kind"" BETWEEN 'cast' AND 'crew' AND ""title"".""season_nr"" BETWEEN 1 AND 2013 AND ""movie_link"".""linked_movie_id"" BETWEEN 11104 AND 2524994 AND ""movie_info"".""note"" BETWEEN '(Berlin International Film Festival)' AND 'ôtre k''ôtre' AND ""cast_info"".""nr_order"" BETWEEN 0 AND 1115798165;"
23b.sql,10,365463009,aka_title|cast_info|comp_cast_type|complete_cast|info_type|kind_type|movie_info|movie_info_idx|movie_keyword|name|title,11,2e3da328,ok,"SELECT DISTINCT ON(""complete_cast"".""id"") ""complete_cast"".""subject_id"" FROM ""complete_cast"" LEFT JOIN ""comp_cast_type"" ON ""complete_cast"".""subject_id"" = ""comp_cast_type"".""id"" LEFT JOIN ""title"" ON ""complete_cast"".""movie_id"" = ""title"".""id"" LEFT JOIN ""movie_info_idx"" ON ""title"".""id"" = ""movie_info_idx"".""movie_id"" LEFT JOIN ""info_type"" ON ""movie_info_idx"".""info_type_id"" = ""info_type"".""id"" LEFT JOIN ""cast_info"" ON ""title"".""id"" = ""cast_info"".""movie_id"" LEFT JOIN ""name"" ON ""cast_info"".""person_id"" = ""name"".""id"" LEFT JOIN ""aka_title"" ON ""title"".""id"" = ""aka_title"".""movie_id"" LEFT JOIN ""movie_keyword"" ON ""title"".""id"" = ""movie_keyword"".""movie_id"" LEFT JOIN ""kind_type"" ON ""title"".""kind_id"" = ""kind_type"".""id"" LEFT JOIN ""movie_info"" ON ""info_type"".""id"" = ""movie_info"".""info_type_id"" WHERE ""comp_cast_type"".""kind"" BETWEEN 'cast' AND 'crew' AND ""movie_info"".""info"" BETWEEN '$25,000' AND '€ 999,554 (Belgium) (25 March 2007)' AND ""kind_type"".""kind"" BETWEEN 'episode' AND 'video movie' AND ""aka_title"".""season_nr"" BETWEEN 1 AND 63 AND ""info_type"".""info"" BETWEEN 'LD additional information' AND 'where now' AND ""movie_info_idx"".""info"" BETWEEN '.....23010' AND '9997' AND ""title"".""series_years"" BETWEEN '1991-????' AND '????' AND ""complete_cast"".""status_id"" BETWEEN 3 AND 4 AND ""cast_info"".""nr_order"" BETWEEN 0 AND 1115798165 AND ""name"".""md5sum"" BETWEEN '028f683477b8a4c79a33ff63cdc44581' AND 'fffff98a09c03b80a33d5f7ebc83006e';"
23c.sql,10,365463009,aka_title|cast_info|company_name|company_type|complete_cast|link_type|movie_companies|movie_keyword|movie_link|name|title,11,7c242b61,ok,"SELECT DISTINCT ON(""complete_cast"".""id"") ""complete_cast"".""status_id"" FROM ""complete_cast"" LEFT JOIN ""title"" ON ""complete_cast"".""movie_id"" = ""title"".""id"" LEFT JOIN ""movie_companies"" ON ""title"".""id"" = ""movie_companies"".""movie_id"" LEFT JOIN ""movie_keyword"" ON ""title"".""id"" = ""movie_keyword"".""movie_id"" LEFT JOIN ""aka_title"" ON ""title"".""id"" = ""aka_title"".""movie_id"" LEFT JOIN ""company_name"" ON ""movie_companies"".""company_id"" = ""company_name"".""id"" LEFT JOIN ""company_type"" ON ""movie_companies"".""company_type_id"" = ""company_type"".""id"" LEFT JOIN ""movie_link"" ON ""title"".""id"" = ""movie_link"".""movie_id"" LEFT JOIN ""cast_info"" ON ""title"".""id"" = ""cast_info"".""movie_id"" LEFT JOIN ""name"" ON ""cast_info"".""person_id"" = ""name"".""id"" LEFT JOIN ""link_type"" ON ""movie_link"".""link_type_id"" = ""link_type"".""id"" WHERE ""company_name"".""name_pcode_sf"" BETWEEN 'A2145' AND 'Z6543' AND ""complete_cast"".""status_id"" BETWEEN 3 AND 4 AND ""title"".""episode_nr"" BETWEEN 1 AND 91821 AND ""company_type"".""kind"" BETWEEN 'distributors' AND 'special effects companies' AND ""aka_title"".""note"" BETWEEN '(Australia) (rerun title)' AND '(working ttitle)' AND ""movie_link"".""linked_movie_id"" BETWEEN 11104 AND 2524994 AND ""name"".""imdb_index"" BETWEEN 'I' AND 'XXXVIII' AND ""link_type"".""link"" BETWEEN 'alternate language version of' AND 'version of' AND ""movie_companies"".""note"" BETWEEN '(1911) (USA) (theatrical)' AND 'co-production)' AND ""cast_info"".""nr_order"" BETWEEN 0 AND 1115798165;"
24a.sql,11,670450630,aka_name|aka_title|cast_info|char_name|info_type|link_type|movie_info|movie_keyword|movie_link|name|person_info|title,12,0cf66b83,ok,"SELECT DISTINCT ON(""aka_name"".""id"") ""aka_name"".""person_id"" FROM ""aka_name"" LEFT JOIN ""name"" ON ""aka_name"".""person_id"" = ""name"".""id"" LEFT JOIN ""person_info"" ON ""name"".""id"" = ""person_info"".""person_id"" LEFT JOIN ""info_type"" ON ""person_info"".""info_type_id"" = ""info_type"".""id"" LEFT JOIN ""movie_info"" ON ""info_type"".""id"" = ""movie_info"".""info_type_id"" LEFT JOIN ""title"" ON ""movie_info"".""movie_id"" = ""title"".""id"" LEFT JOIN ""movie_link"" ON ""title"".""id"" = ""movie_link"".""movie_id"" LEFT JOIN ""movie_keyword"" ON ""title"".""id"" = ""movie_keyword"".""movie_id"" LEFT JOIN ""cast_info"" ON ""title"".""id"" = ""cast_info"".""movie_id"" LEFT JOIN ""link_type"" ON ""movie_link"".""link_type_id"" = ""link_type"".""id"" LEFT JOIN ""aka_title"" ON ""title"".""id"" = ""aka_title"".""movie_id"" LEFT JOIN ""char_name"" ON ""cast_info"".""person_role_id"" = ""char_name"".""id"" WHERE ""link_type"".""link"" BETWEEN 'alternate language version of' AND 'version of' AND ""char_name"".""surname_pcode"" BETWEEN 'A2514' AND 'Z6562' AND ""aka_name"".""md5sum"" BETWEEN '0292cac958e7ccf97eb657f38ec21ee0' AND 'ffffe722e6e7c1a8ba1f66032fef9762' AND ""movie_info"".""note"" BETWEEN '(Berlin International Film Festival)' AND 'ôtre k''ôtre' AND ""movie_link"".""linked_movie_id"" BETWEEN 11104 AND 2524994 AND ""person_info"".""note"" BETWEEN 'Gary Brumburgh / gr-home@pacbell.net' AND 'Ünsal Babayigit' AND ""aka_title"".""episode_nr"" BETWEEN 1 AND 4315 AND ""info_type"".""info"" BETWEEN 'LD additional information' AND 'where now' AND ""title"".""episode_of_id"" BETWEEN 15711 AND 2528186 AND ""cast_info"".""nr_order"" BETWEEN 0 AND 1115798165 AND ""name"".""surname_pcode"" BETWEEN 'A32' AND 'Z656';"
24b.sql,11,670450630,aka_name|aka_title|cast_info|char_name|complete_cast|info_type|movie_info|movie_info_idx|name|person_info|role_type|title,12,5cdf6a23,ok,"SELECT DISTINCT ON(""aka_name"".""id"") ""aka_name"".""name_pcode_nf"" FROM ""aka_name"" LEFT JOIN ""name"" ON ""aka_name"".""person_id"" = ""name"".""id"" LEFT JOIN ""person_info"" ON ""name"".""id"" = ""person_info"".""person_id"" LEFT JOIN ""cast_info"" ON ""name"".""id"" = ""cast_info"".""person_id"" LEFT JOIN ""role_type"" ON ""cast_info"".""role_id"" = ""role_type"".""id"" LEFT JOIN ""info_type"" ON ""person_info"".""info_type_id"" = ""info_type"".""id"" LEFT JOIN ""movie_info_idx"" ON ""info_type"".""id"" = ""movie_info_idx"".""info_type_id"" LEFT JOIN ""movie_info"" ON ""info_type"".""id"" = ""movie_info"".""info_type_id"" LEFT JOIN ""title"" ON ""movie_info_idx"".""movie_id"" = ""title"".""id"" LEFT JOIN ""char_name"" ON ""cast_info"".""person_role_id"" = ""char_name"".""id"" LEFT JOIN ""complete_cast"" ON ""title"".""id"" = ""complete_cast"".""movie_id"" LEFT JOIN ""aka_title"" ON ""title"".""id"" = ""aka_title"".""movie_id"" WHERE ""movie_info_idx"".""info"" BETWEEN '.....23010' AND '9997' AND ""complete_cast"".""status_id"" BETWEEN 3 AND 4 AND ""aka_name"".""name_pcode_nf"" BETWEEN 'A3415' AND 'Z6565' AND ""info_type"".""info"" BETWEEN 'LD additional information' AND 'where now' AND ""char_name"".""surname_pcode"" BETWEEN 'A2514' AND 'Z6562' AND ""title"".""series_years"" BETWEEN '1991-????' AND '????' AND ""aka_title"".""md5sum"" BETWEEN '0295f180951ddef467f872957d8b8705' AND 'ffffed51d8d1764c844259b95f49853e' AND ""person_info"".""info"" BETWEEN '""Celebrity Sleuth"" (USA), 2004, Iss. 35' AND 'Þórsson, Sindri Eldon' AND ""name"".""name_pcode_nf"" BETWEEN 'A2621' AND 'Z6565' AND ""movie_info"".""info"" BETWEEN '$25,000' AND '€ 999,554 (Belgium) (25 March 2007)' AND ""cast_info"".""note"" BETWEEN '(advisor) (as Dan Carter)' AND '(épouse de Raymond)' AND ""role_type"".""role"" BETWEEN 'actor' AND 'writer';"
25a.sql,8,616048378,aka_title|cast_info|complete_cast|movie_companies|movie_info|name|person_info|role_type|title,9,38f98b3e,ok,"SELECT DISTINCT ON(""cast_info"".""id"") ""cast_info"".""movie_id"" FROM ""cast_info"" LEFT JOIN ""role_type"" ON ""cast_info"".""role_id"" = ""role_type"".""id"" LEFT JOIN ""name"" ON ""cast_info"".""person_id"" = ""name"".""id"" LEFT JOIN ""person_info"" ON ""name"".""id"" = ""person_info"".""person_id"" LEFT JOIN ""title"" ON ""cast_info"".""movie_id"" = ""title"".""id"" LEFT JOIN ""movie_companies"" ON ""title"".""id"" = ""movie_companies"".""movie_id"" LEFT JOIN ""movie_info"" ON ""title"".""id"" = ""movie_info"".""movie_id"" LEFT JOIN ""aka_title"" ON ""title"".""id"" = ""aka_title"".""movie_id"" LEFT JOIN ""complete_cast"" ON ""title"".""id"" = ""complete_cast"".""movie_id"" WHERE ""movie_info"".""info"" BETWEEN '$25,000' AND '€ 999,554 (Belgium) (25 March 2007)' AND ""person_info"".""info"" BETWEEN '""Celebrity Sleuth"" (USA), 2004, Iss. 35' AND 'Þórsson, Sindri Eldon' AND ""movie_companies"".""note"" BETWEEN '(1911) (USA) (theatrical)' AND 'co-production)' AND ""aka_title"".""md5sum"" BETWEEN '0295f180951ddef467f872957d8b8705' AND 'ffffed51d8d1764c844259b95f49853e' AND ""role_type"".""role"" BETWEEN 'actor' AND 'writer' AND ""title"".""series_years"" BETWEEN '1991-????' AND '????' AND ""complete_cast"".""status_id"" BETWEEN 3 AND 4 AND ""cast_info"".""nr_order"" BETWEEN 0 AND 1115798165 AND ""name"".""name_pcode_cf"" BETWEEN 'A2526' AND 'Z6565';"
25b.sql,8,616048378,cast_info|complete_cast|keyword|kind_type|movie_info|movie_keyword|movie_link|role_type|title,9,58f129ad,ok,"SELECT DISTINCT ON(""cast_info"".""id"") ""cast_info"".""person_role_id"" FROM ""cast_info"" LEFT JOIN ""title"" ON ""cast_info"".""movie_id"" = ""title"".""id"" LEFT JOIN ""role_type"" ON ""cast_info"".""role_id"" = ""role_type"".""id"" LEFT JOIN ""complete_cast"" ON ""title"".""id"" = ""complete_cast"".""movie_id"" LEFT JOIN ""kind_type"" ON ""title"".""kind_id"" = ""kind_type"".""id"" LEFT JOIN ""movie_keyword"" ON ""title"".""id"" = ""movie_keyword"".""movie_id"" LEFT JOIN ""keyword"" ON ""movie_keyword"".""keyword_id"" = ""keyword"".""id"" LEFT JOIN ""movie_info"" ON ""title"".""id"" = ""movie_info"".""movie_id"" LEFT JOIN ""movie_link"" ON ""title"".""id"" = ""movie_link"".""movie_id"" WHERE ""complete_cast"".""status_id"" BETWEEN 3 AND 4 AND ""title"".""md5sum"" BETWEEN '0296d2b20235be36849d015e34d80f2c' AND 'fffffec1b13bc6af69f56864884364e4' AND ""keyword"".""keyword"" BETWEEN 'acidosis' AND 'øresund' AND ""movie_link"".""linked_movie_id"" BETWEEN 11104 AND 2524994 AND ""movie_info"".""info"" BETWEEN '$25,000' AND '€ 999,554 (Belgium) (25 March 2007)' AND ""cast_info"".""note"" BETWEEN '(advisor) (as Dan Carter)' AND '(épouse de Raymond)' AND ""role_type"".""role"" BETWEEN 'actor' AND 'writer' AND ""kind_type"".""kind"" BETWEEN 'episode' AND 'video movie';"
25c.sql,8,616048378,cast_info|char_name|comp_cast_type|complete_cast|movie_info|movie_link|name|role_type|title,9,7e4d89f9,ok,"SELECT DISTINCT ON(""cast_info"".""id"") ""cast_info"".""role_id"" FROM ""cast_info"" LEFT JOIN ""name"" ON ""cast_info"".""person_id"" = ""name"".""id"" LEFT JOIN ""role_type"" ON ""cast_info"".""role_id"" = ""role_type"".""id"" LEFT JOIN ""char_name"" ON ""cast_info"".""person_role_id"" = ""char_name"".""id"" LEFT JOIN ""title"" ON ""cast_info"".""movie_id"" = ""title"".""id"" LEFT JOIN ""movie_info"" ON ""title"".""id"" = ""movie_info"".""movie_id"" LEFT JOIN ""complete_cast"" ON ""title"".""id"" = ""complete_cast"".""movie_id"" LEFT JOIN ""movie_link"" ON ""title"".""id"" = ""movie_link"".""movie_id"" LEFT JOIN ""comp_cast_type"" ON ""complete_cast"".""subject_id"" = ""comp_cast_type"".""id"" WHERE ""comp_cast_type"".""kind"" BETWEEN 'cast' AND 'crew' AND ""char_name"".""md5sum"" BETWEEN '02915d50d5e08da33b86102ae812b444' AND 'fffffa526fd5c372942d57a412a9a4fe' AND ""movie_info"".""info"" BETWEEN '$25,000' AND '€ 999,554 (Belgium) (25 March 2007)' AND ""movie_link"".""linked_movie_id"" BETWEEN 11104 AND 2524994 AND ""role_type"".""role"" BETWEEN 'actor' AND 'writer' AND ""title"".""title"" BETWEEN '(#1.10964)' AND 'üç' AND ""complete_cast"".""status_id"" BETWEEN 3 AND 4 AND ""cast_info"".""nr_order"" BETWEEN 0 AND 1115798165 AND ""name"".""name"" BETWEEN 'Akhurst, Veronica' AND 'þórhallsson, Þórhallur';"
26a.sql,11,351277734,aka_title|cast_info|char_name|company_type|complete_cast|keyword|kind_type|movie_companies|movie_info|movie_info_idx|movie_keyword|title,12,a1ae6ee1,ok,"SELECT DISTINCT ON(""complete_cast"".""id"") ""complete_cast"".""subject_id"" FROM ""complete_cast"" LEFT JOIN ""title"" ON ""complete_cast"".""movie_id"" = ""title"".""id"" LEFT JOIN ""kind_type"" ON ""title"".""kind_id"" = ""kind_type"".""id"" LEFT JOIN ""movie_companies"" ON ""title"".""id"" = ""movie_companies"".""movie_id"" LEFT JOIN ""cast_info"" ON ""title"".""id"" = ""cast_info"".""movie_id"" LEFT JOIN ""char_name"" ON ""cast_info"".""person_role_id"" = ""char_name"".""id"" LEFT JOIN ""company_type"" ON ""movie_companies"".""company_type_id"" = ""company_type"".""id"" LEFT JOIN ""movie_keyword"" ON ""title"".""id"" = ""movie_keyword"".""movie_id"" LEFT JOIN ""keyword"" ON ""movie_keyword"".""keyword_id"" = ""keyword"".""id"" LEFT JOIN ""aka_title"" ON ""kind_type"".""id"" = ""aka_title"".""kind_id"" LEFT JOIN ""movie_info_idx"" ON ""title"".""id"" = ""movie_info_idx"".""movie_id"" LEFT JOIN ""movie_info"" ON ""title"".""id"" = ""movie_info"".""movie_id"" WHERE ""movie_info_idx"".""info"" BETWEEN '.....23010' AND '9997' AND ""complete_cast"".""status_id"" BETWEEN 3 AND 4 AND ""char_name"".""imdb_index"" BETWEEN 'M' AND 'M' AND ""title"".""production_year"" BETWEEN 1910 AND 2019 AND ""company_type"".""kind"" BETWEEN 'distributors' AND 'special effects companies' AND ""keyword"".""phonetic_code"" BETWEEN 'A2364' AND 'Z653' AND ""aka_title"".""title"" BETWEEN 'A Ballad About Green Wood' AND 'þõîñ' AND ""movie_info"".""info"" BETWEEN '$25,000' AND '€ 999,554 (Belgium) (25 March 2007)' AND ""movie_companies"".""note"" BETWEEN '(1911) (USA) (theatrical)' AND 'co-production)' AND ""cast_info"".""note"" BETWEEN '(advisor) (as Dan Carter)' AND '(épouse de Raymond)' AND ""kind_type"".""kind"" BETWEEN 'episode' AND 'video movie';"
26b.sql,11,351277734,aka_title|cast_info|char_name|company_name|complete_cast|kind_type|link_type|movie_companies|movie_info|movie_link|role_type|title,12,82b0fdc6,ok,"SELECT DISTINCT ON(""complete_cast"".""id"") ""complete_cast"".""id"" FROM ""complete_cast"" LEFT JOIN ""title"" ON ""complete_cast"".""movie_id"" = ""title"".""id"" LEFT JOIN ""aka_title"" ON ""title"".""id"" = ""aka_title"".""movie_id"" LEFT JOIN ""cast_info"" ON ""title"".""id"" = ""cast_info"".""movie_id"" LEFT JOIN ""kind_type"" ON ""title"".""kind_id"" = ""kind_type"".""id"" LEFT JOIN ""movie_companies"" ON ""title"".""id"" = ""movie_companies"".""movie_id"" LEFT JOIN ""company_name"" ON ""movie_companies"".""company_id"" = ""company_name"".""id"" LEFT JOIN ""char_name"" ON ""cast_info"".""person_role_id"" = ""char_name"".""id"" LEFT JOIN ""movie_link"" ON ""title"".""id"" = ""movie_link"".""movie_id"" LEFT JOIN ""movie_info"" ON ""title"".""id"" = ""movie_info"".""movie_id"" LEFT JOIN ""role_type"" ON ""cast_info"".""role_id"" = ""role_type"".""id"" LEFT JOIN ""link_type"" ON ""movie_link"".""link_type_id"" = ""link_type"".""id"" WHERE ""link_type"".""link"" BETWEEN 'alternate language version of' AND 'version of' AND ""char_name"".""md5sum"" BETWEEN '02915d50d5e08da33b86102ae812b444' AND 'fffffa526fd5c372942d57a412a9a4fe' AND ""movie_info"".""note"" BETWEEN '(Berlin International Film Festival)' AND 'ôtre k''ôtre' AND ""kind_type"".""kind"" BETWEEN 'episode' AND 'video movie' AND ""movie_link"".""linked_movie_id"" BETWEEN 11104 AND 2524994 AND ""aka_title"".""phonetic_code"" BETWEEN 'A1652' AND 'Z6564' AND ""movie_companies"".""note"" BETWEEN '(1911) (USA) (theatrical)' AND 'co-production)' AND ""company_name"".""name"" BETWEEN '6 {ft} 1 Productions' AND 'ö Filmproduktion' AND ""role_type"".""role"" BETWEEN 'actor' AND 'writer' AND ""title"".""title"" BETWEEN '(#1.10964)' AND 'üç' AND ""complete_cast"".""status_id"" BETWEEN 3 AND 4 AND ""cast_info"".""note"" BETWEEN '(advisor) (as Dan Carter)' AND '(épouse de Raymond)';"
26c.sql,11,351277734,aka_title|cast_info|char_name|comp_cast_type|complete_cast|info_type|movie_companies|movie_info|movie_info_idx|movie_link|person_info|title,12,a8049f32,ok,"SELECT DISTINCT ON(""complete_cast"".""id"") ""complete_cast"".""subject_id"" FROM ""complete_cast"" LEFT JOIN ""comp_cast_type"" ON ""complete_cast"".""subject_id"" = ""comp_cast_type"".""id"" LEFT JOIN ""title"" ON ""complete_cast"".""movie_id"" = ""title"".""id"" LEFT JOIN ""movie_link"" ON ""title"".""id"" = ""movie_link"".""movie_id"" LEFT JOIN ""cast_info"" ON ""title"".""id"" = ""cast_info"".""movie_id"" LEFT JOIN ""movie_info"" ON ""title"".""id"" = ""movie_info"".""movie_id"" LEFT JOIN ""info_type"" ON ""movie_info"".""info_type_id"" = ""info_type"".""id"" LEFT JOIN ""aka_title"" ON ""title"".""id"" = ""aka_title"".""movie_id"" LEFT JOIN ""person_info"" ON ""info_type"".""id"" = ""person_info"".""info_type_id"" LEFT JOIN ""movie_info_idx"" ON ""title"".""id"" = ""movie_info_idx"".""movie_id"" LEFT JOIN ""char_name"" ON ""cast_info"".""person_role_id"" = ""char_name"".""id"" LEFT JOIN ""movie_companies"" ON ""title"".""id"" = ""movie_companies"".""movie_id"" WHERE ""movie_info_idx"".""info"" BETWEEN '.....23010' AND '9997' AND ""complete_cast"".""status_id"" BETWEEN 3 AND 4 AND ""info_type"".""info"" BETWEEN 'LD additional information' AND 'where now' AND ""movie_companies"".""note"" BETWEEN '(1911) (USA) (theatrical)' AND 'co-production)' AND ""char_name"".""name_pcode_nf"" BETWEEN 'A252' AND 'Z6565' AND ""comp_cast_type"".""kind"" BETWEEN 'cast' AND 'crew' AND ""title"".""title"" BETWEEN '(#1.10964)' AND 'üç' AND ""aka_title"".""episode_of_id"" BETWEEN 465 AND 25391 AND ""movie_link"".""linked_movie_id"" BETWEEN 11104 AND 2524994 AND ""person_info"".""note"" BETWEEN 'Gary Brumburgh / gr-home@pacbell.net' AND 'Ünsal Babayigit' AND ""movie_info"".""note"" BETWEEN '(Berlin International Film Festival)' AND 'ôtre k''ôtre' AND ""cast_info"".""note"" BETWEEN '(advisor) (as Dan Carter)' AND '(épouse de Raymond)';"
27a.sql,11,365582680,aka_title|comp_cast_type|complete_cast|info_type|kind_type|link_type|movie_info|movie_keyword|movie_link|name|person_info|title,12,b31af98e,ok,"SELECT DISTINCT ON(""complete_cast"".""id"") ""complete_cast"".""subject_id"" FROM ""complete_cast"" LEFT JOIN ""title"" ON ""complete_cast"".""movie_id"" = ""title"".""id"" LEFT JOIN ""aka_title"" ON ""title"".""id"" = ""aka_title"".""movie_id"" LEFT JOIN ""movie_link"" ON ""title"".""id"" = ""movie_link"".""movie_id"" LEFT JOIN ""kind_type"" ON ""aka_title"".""kind_id"" = ""kind_type"".""id"" LEFT JOIN ""movie_info"" ON ""title"".""id"" = ""movie_info"".""movie_id"" LEFT JOIN ""info_type"" ON ""movie_info"".""info_type_id"" = ""info_type"".""id"" LEFT JOIN ""comp_cast_type"" ON ""complete_cast"".""subject_id"" = ""comp_cast_type"".""id"" LEFT JOIN ""person_info"" ON ""info_type"".""id"" = ""person_info"".""info_type_id"" LEFT JOIN ""link_type"" ON ""movie_link"".""link_type_id"" = ""link_type"".""id"" LEFT JOIN ""movie_keyword"" ON ""title"".""id"" = ""movie_keyword"".""movie_id"" LEFT JOIN ""name"" ON ""person_info"".""person_id"" = ""name"".""id"" WHERE ""comp_cast_type"".""kind"" BETWEEN 'cast' AND 'crew' AND ""link_type"".""link"" BETWEEN 'alternate language version of' AND 'version of' AND ""movie_info"".""info"" BETWEEN '$25,000' AND '€ 999,554 (Belgium) (25 March 2007)' AND ""kind_type"".""kind"" BETWEEN 'episode' AND 'video movie' AND ""movie_link"".""linked_movie_id"" BETWEEN 11104 AND 2524994 AND ""aka_title"".""episode_of_id"" BETWEEN 465 AND 25391 AND ""person_info"".""note"" BETWEEN 'Gary Brumburgh / gr-home@pacbell.net' AND 'Ünsal Babayigit' AND ""info_type"".""info"" BETWEEN 'LD additional information' AND 'where now' AND ""title"".""episode_of_id"" BETWEEN 15711 AND 2528186 AND ""complete_cast"".""status_id"" BETWEEN 3 AND 4 AND ""name"".""md5sum"" BETWEEN '028f683477b8a4c79a33ff63cdc44581' AND 'fffff98a09c03b80a33d5f7ebc83006e';"
27b.sql,11,365582680,aka_title|comp_cast_type|company_name|complete_cast|info_type|kind_type|movie_companies|movie_info|movie_info_idx|movie_keyword|person_info|title,12,f481a870,ok,"SELECT DISTINCT ON(""complete_cast"".""id"") ""complete_cast"".""status_id"" FROM ""complete_cast"" LEFT JOIN ""title"" ON ""complete_cast"".""movie_id"" = ""title"".""id"" LEFT JOIN ""movie_keyword"" ON ""title"".""id"" = ""movie_keyword"".""movie_id"" LEFT JOIN ""movie_info"" ON ""title"".""id"" = ""movie_info"".""movie_id"" LEFT JOIN ""movie_info_idx"" ON ""title"".""id"" = ""movie_info_idx"".""movie_id"" LEFT JOIN ""comp_cast_type"" ON ""complete_cast"".""subject_id"" = ""comp_cast_type"".""id"" LEFT JOIN ""info_type"" ON ""movie_info"".""info_type_id"" = ""info_type"".""id"" LEFT JOIN ""kind_type"" ON ""title"".""kind_id"" = ""kind_type"".""id"" LEFT JOIN ""movie_companies"" ON ""title"".""id"" = ""movie_companies"".""movie_id"" LEFT JOIN ""aka_title"" ON ""title"".""id"" = ""aka_title"".""movie_id"" LEFT JOIN ""person_info"" ON ""info_type"".""id"" = ""person_info"".""info_type_id"" LEFT JOIN ""company_name"" ON ""movie_companies"".""company_id"" = ""company_name"".""id"" WHERE ""movie_info_idx"".""info"" BETWEEN '.....23010' AND '9997' AND ""company_name"".""name_pcode_sf"" BETWEEN 'A2145' AND 'Z6543' AND ""complete_cast"".""status_id"" BETWEEN 3 AND 4 AND ""info_type"".""info"" BETWEEN 'LD additional information' AND 'where now' AND ""movie_companies"".""note"" BETWEEN '(1911) (USA) (theatrical)' AND 'co-production)' AND ""title"".""production_year"" BETWEEN 1910 AND 2019 AND ""comp_cast_type"".""kind"" BETWEEN 'cast' AND 'crew' AND ""aka_title"".""production_year"" BETWEEN 1905 AND 2016 AND ""person_info"".""note"" BETWEEN 'Gary Brumburgh / gr-home@pacbell.net' AND 'Ünsal Babayigit' AND ""movie_info"".""note"" BETWEEN '(Berlin International Film Festival)' AND 'ôtre k''ôtre' AND ""kind_type"".""kind"" BETWEEN 'episode' AND 'video movie';"
27c.sql,11,365582680,cast_info|comp_cast_type|company_name|complete_cast|info_type|link_type|movie_companies|movie_info|movie_info_idx|movie_keyword|movie_link|title,12,e2344137,ok,"SELECT DISTINCT ON(""complete_cast"".""id"") ""complete_cast"".""movie_id"" FROM ""complete_cast"" LEFT JOIN ""comp_cast_type"" ON ""complete_cast"".""subject_id"" = ""comp_cast_type"".""id"" LEFT JOIN ""title"" ON ""complete_cast"".""movie_id"" = ""title"".""id"" LEFT JOIN ""movie_link"" ON ""title"".""id"" = ""movie_link"".""movie_id"" LEFT JOIN ""movie_info"" ON ""title"".""id"" = ""movie_info"".""movie_id"" LEFT JOIN ""link_type"" ON ""movie_link"".""link_type_id"" = ""link_type"".""id"" LEFT JOIN ""info_type"" ON ""movie_info"".""info_type_id"" = ""info_type"".""id"" LEFT JOIN ""movie_info_idx"" ON ""title"".""id"" = ""movie_info_idx"".""movie_id"" LEFT JOIN ""movie_companies"" ON ""title"".""id"" = ""movie_companies"".""movie_id"" LEFT JOIN ""company_name"" ON ""movie_companies"".""company_id"" = ""company_name"".""id"" LEFT JOIN ""movie_keyword"" ON ""title"".""id"" = ""movie_keyword"".""movie_id"" LEFT JOIN ""cast_info"" ON ""title"".""id"" = ""cast_info"".""movie_id"" WHERE ""comp_cast_type"".""kind"" BETWEEN 'cast' AND 'crew' AND ""link_type"".""link"" BETWEEN 'alternate language version of' AND 'version of' AND ""movie_info"".""info"" BETWEEN '$25,000' AND '€ 999,554 (Belgium) (25 March 2007)' AND ""movie_link"".""linked_movie_id"" BETWEEN 11104 AND 2524994 AND ""movie_companies"".""note"" BETWEEN '(1911) (USA) (theatrical)' AND 'co-production)' AND ""info_type"".""info"" BETWEEN 'LD additional information' AND 'where now' AND ""company_name"".""name"" BETWEEN '6 {ft} 1 Productions' AND 'ö Filmproduktion' AND ""movie_info_idx"".""info"" BETWEEN '.....23010' AND '9997' AND ""title"".""md5sum"" BETWEEN '0296d2b20235be36849d015e34d80f2c' AND 'fffffec1b13bc6af69f56864884364e4' AND ""complete_cast"".""status_id"" BETWEEN 3 AND 4 AND ""cast_info"".""note"" BETWEEN '(advisor) (as Dan Carter)' AND '(épouse de Raymond)';"
28a.sql,13,376503289,aka_title|comp_cast_type|company_name|company_type|complete_cast|info_type|keyword|kind_type|movie_companies|movie_info|movie_info_idx|movie_keyword|movie_link|title,14,f53938fb,ok,"SELECT DISTINCT ON(""complete_cast"".""id"") ""complete_cast"".""subject_id"" FROM ""complete_cast"" LEFT JOIN ""comp_cast_type"" ON ""complete_cast"".""subject_id"" = ""comp_cast_type"".""id"" LEFT JOIN ""title"" ON ""complete_cast"".""movie_id"" = ""title"".""id"" LEFT JOIN ""movie_companies"" ON ""title"".""id"" = ""movie_companies"".""movie_id"" LEFT JOIN ""company_type"" ON ""movie_companies"".""company_type_id"" = ""company_type"".""id"" LEFT JOIN ""kind_type"" ON ""title"".""kind_id"" = ""kind_type"".""id"" LEFT JOIN ""company_name"" ON ""movie_companies"".""company_id"" = ""company_name"".""id"" LEFT JOIN ""movie_link"" ON ""title"".""id"" = ""movie_link"".""movie_id"" LEFT JOIN ""aka_title"" ON ""kind_type"".""id"" = ""aka_title"".""kind_id"" LEFT JOIN ""movie_info_idx"" ON ""title"".""id"" = ""movie_info_idx"".""movie_id"" LEFT JOIN ""movie_info"" ON ""title"".""id"" = ""movie_info"".""movie_id"" LEFT JOIN ""movie_keyword"" ON ""title"".""id"" = ""movie_keyword"".""movie_id"" LEFT JOIN ""keyword"" ON ""movie_keyword"".""keyword_id"" = ""keyword"".""id"" LEFT JOIN ""info_type"" ON ""movie_info"".""info_type_id"" = ""info_type"".""id"" WHERE ""company_name"".""md5sum"" BETWEEN '0297e5ec22db809e0ff2b2ac09985ab9' AND 'ffff4e2362f22b10d3ac911e2f963b2a' AND ""movie_info_idx"".""info"" BETWEEN '.....23010' AND '9997' AND ""complete_cast"".""status_id"" BETWEEN 3 AND 4 AND ""info_type"".""info"" BETWEEN 'LD additional information' AND 'where now' AND ""comp_cast_type"".""kind"" BETWEEN 'cast' AND 'crew' AND ""company_type"".""kind"" BETWEEN 'distributors' AND 'special effects companies' AND ""title"".""production_year"" BETWEEN 1910 AND 2019 AND ""aka_title"".""md5sum"" BETWEEN '0295f180951ddef467f872957d8b8705' AND 'ffffed51d8d1764c844259b95f49853e' AND ""movie_info"".""info"" BETWEEN '$25,000' AND '€ 999,554 (Belgium) (25 March 2007)' AND ""movie_link"".""linked_movie_id"" BETWEEN 11104 AND 2524994 AND ""keyword"".""phonetic_code"" BETWEEN 'A2364' AND 'Z653' AND ""movie_companies"".""note"" BETWEEN '(1911) (USA) (theatrical)' AND 'co-production)' AND ""kind_type"".""kind"" BETWEEN 'episode' AND 'video movie';"
28b.sql,13,376503289,aka_title|cast_info|char_name|comp_cast_type|complete_cast|info_type|kind_type|movie_info|movie_info_idx|movie_keyword|name|person_info|role_type|title,14,b64e7533,ok,"SELECT DISTINCT ON(""complete_cast"".""id"") ""complete_cast"".""subject_id"" FROM ""complete_cast"" LEFT JOIN ""title"" ON ""complete_cast"".""movie_id"" = ""title"".""id"" LEFT JOIN ""movie_info_idx"" ON ""title"".""id"" = ""movie_info_idx"".""movie_id"" LEFT JOIN ""movie_info"" ON ""title"".""id"" = ""movie_info"".""movie_id"" LEFT JOIN ""kind_type"" ON ""title"".""kind_id"" = ""kind_type"".""id"" LEFT JOIN ""cast_info"" ON ""title"".""id"" = ""cast_info"".""movie_id"" LEFT JOIN ""comp_cast_type"" ON ""complete_cast"".""subject_id"" = ""comp_cast_type"".""id"" LEFT JOIN ""info_type"" ON ""movie_info"".""info_type_id"" = ""info_type"".""id"" LEFT JOIN ""aka_title"" ON ""kind_type"".""id"" = ""aka_title"".""kind_id"" LEFT JOIN ""role_type"" ON ""cast_info"".""role_id"" = ""role_type"".""id"" LEFT JOIN ""name"" ON ""cast_info"".""person_id"" = ""name"".""id"" LEFT JOIN ""person_info"" ON ""name"".""id"" = ""person_info"".""person_id"" LEFT JOIN ""movie_keyword"" ON ""title"".""id"" = ""movie_keyword"".""movie_id"" LEFT JOIN ""char_name"" ON ""cast_info"".""person_role_id"" = ""char_name"".""id"" WHERE ""comp_cast_type"".""kind"" BETWEEN 'cast' AND 'crew' AND ""char_name"".""name"" BETWEEN 'Abe Tyson' AND 'üzletember' AND ""movie_info"".""note"" BETWEEN '(Berlin International Film Festival)' AND 'ôtre k''ôtre' AND ""kind_type"".""kind"" BETWEEN 'episode' AND 'video movie' AND ""aka_title"".""md5sum"" BETWEEN '0295f180951ddef467f872957d8b8705' AND 'ffffed51d8d1764c844259b95f49853e' AND ""person_info"".""note"" BETWEEN 'Gary Brumburgh / gr-home@pacbell.net' AND 'Ünsal Babayigit' AND ""info_type"".""info"" BETWEEN 'LD additional information' AND 'where now' AND ""role_type"".""role"" BETWEEN 'actor' AND 'writer' AND ""movie_info_idx"".""info"" BETWEEN '.....23010' AND '9997' AND ""title"".""phonetic_code"" BETWEEN 'A2352' AND 'Z6565' AND ""complete_cast"".""status_id"" BETWEEN 3 AND 4 AND ""cast_info"".""nr_order"" BETWEEN 0 AND 1115798165 AND ""name"".""imdb_index"" BETWEEN 'I' AND 'XXXVIII';"
28c.sql,13,376503289,aka_title|cast_info|char_name|comp_cast_type|complete_cast|info_type|kind_type|movie_info|movie_info_idx|movie_keyword|name|person_info|role_type|title,14,40c2bdca,ok,"SELECT DISTINCT ON(""complete_cast"".""id"") ""complete_cast"".""movie_id"" FROM ""complete_cast"" LEFT JOIN ""title"" ON ""complete_cast"".""movie_id"" = ""title"".""id"" LEFT JOIN ""movie_info_idx"" ON ""title"".""id"" = ""movie_info_idx"".""movie_id"" LEFT JOIN ""aka_title"" ON ""title"".""id"" = ""aka_title"".""movie_id"" LEFT JOIN ""cast_info"" ON ""title"".""id"" = ""cast_info"".""movie_id"" LEFT JOIN ""comp_cast_type"" ON ""complete_cast"".""subject_id"" = ""comp_cast_type"".""id"" LEFT JOIN ""char_name"" ON ""cast_info"".""person_role_id"" = ""char_name"".""id"" LEFT JOIN ""kind_type"" ON ""aka_title"".""kind_id"" = ""kind_type"".""id"" LEFT JOIN ""info_type"" ON ""movie_info_idx"".""info_type_id"" = ""info_type"".""id"" LEFT JOIN ""movie_keyword"" ON ""title"".""id"" = ""movie_keyword"".""movie_id"" LEFT JOIN ""movie_info"" ON ""title"".""id"" = ""movie_info"".""movie_id"" LEFT JOIN ""person_info"" ON ""info_type"".""id"" = ""person_info"".""info_type_id"" LEFT JOIN ""name"" ON ""cast_info"".""person_id"" = ""name"".""id"" LEFT JOIN ""role_type"" ON ""cast_info"".""role_id"" = ""role_type"".""id"" WHERE ""movie_info_idx"".""info"" BETWEEN '.....23010' AND '9997' AND ""complete_cast"".""status_id"" BETWEEN 3 AND 4 AND ""info_type"".""info"" BETWEEN 'LD additional information' AND 'where now' AND ""char_name"".""name"" BETWEEN 'Abe Tyson' AND 'üzletember' AND ""title"".""production_year"" BETWEEN 1910 AND 2019 AND ""comp_cast_type"".""kind"" BETWEEN 'cast' AND 'crew' AND ""aka_title"".""episode_nr"" BETWEEN 1 AND 4315 AND ""person_info"".""info"" BETWEEN '""Celebrity Sleuth"" (USA), 2004, Iss. 35' AND 'Þórsson, Sindri Eldon' AND ""name"".""gender"" BETWEEN 'f' AND 'm' AND ""movie_info"".""info"" BETWEEN '$25,000' AND '€ 999,554 (Belgium) (25 March 2007)' AND ""cast_info"".""nr_order"" BETWEEN 0 AND 1115798165 AND ""role_type"".""role"" BETWEEN 'actor' AND 'writer' AND ""kind_type"".""kind"" BETWEEN 'episode' AND 'video movie';"
29a.sql,16,745082582,aka_name|aka_title|cast_info|char_name|company_name|company_type|complete_cast|info_type|kind_type|movie_companies|movie_info|movie_info_idx|movie_link|name|person_info|role_type|title,17,a96088d3,ok,"SELECT DISTINCT ON(""aka_name"".""id"") ""aka_name"".""name"" FROM ""aka_name"" LEFT JOIN ""name"" ON ""aka_name"".""person_id"" = ""name"".""id"" LEFT JOIN ""person_info"" ON ""name"".""id"" = ""person_info"".""person_id"" LEFT JOIN ""cast_info"" ON ""name"".""id"" = ""cast_info"".""person_id"" LEFT JOIN ""title"" ON ""cast_info"".""movie_id"" = ""title"".""id"" LEFT JOIN ""movie_info"" ON ""title"".""id"" = ""movie_info"".""movie_id"" LEFT JOIN ""movie_companies"" ON ""title"".""id"" = ""movie_companies"".""movie_id"" LEFT JOIN ""movie_link"" ON ""title"".""id"" = ""movie_link"".""movie_id"" LEFT JOIN ""info_type"" ON ""person_info"".""info_type_id"" = ""info_type"".""id"" LEFT JOIN ""role_type"" ON ""cast_info"".""role_id"" = ""role_type"".""id"" LEFT JOIN ""movie_info_idx"" ON ""title"".""id"" = ""movie_info_idx"".""movie_id"" LEFT JOIN ""char_name"" ON ""cast_info"".""person_role_id"" = ""char_name"".""id"" LEFT JOIN ""aka_title"" ON ""title"".""id"" = ""aka_title"".""movie_id"" LEFT JOIN ""company_type"" ON ""movie_companies"".""company_type_id"" = ""company_type"".""id"" LEFT JOIN ""complete_cast"" ON ""title"".""id"" = ""complete_cast"".""movie_id"" LEFT JOIN ""kind_type"" ON ""aka_title"".""kind_id"" = ""kind_type"".""id"" LEFT JOIN ""company_name"" ON ""movie_companies"".""company_id"" = ""company_name"".""id"" WHERE ""char_name"".""name"" BETWEEN 'Abe Tyson' AND 'üzletember' AND ""aka_name"".""surname_pcode"" BETWEEN 'A362' AND 'Z656' AND ""movie_info"".""note"" BETWEEN '(Berlin International Film Festival)' AND 'ôtre k''ôtre' AND ""kind_type"".""kind"" BETWEEN 'episode' AND 'video movie' AND ""movie_link"".""linked_movie_id"" BETWEEN 11104 AND 2524994 AND ""person_info"".""note"" BETWEEN 'Gary Brumburgh / gr-home@pacbell.net' AND 'Ünsal Babayigit' AND ""movie_companies"".""note"" BETWEEN '(1911) (USA) (theatrical)' AND 'co-production)' AND ""aka_title"".""episode_of_id"" BETWEEN 465 AND 25391 AND ""info_type"".""info"" BETWEEN 'LD additional information' AND 'where now' AND ""role_type"".""role"" BETWEEN 'actor' AND 'writer' AND ""company_name"".""md5sum"" BETWEEN '0297e5ec22db809e0ff2b2ac09985ab9' AND 'ffff4e2362f22b10d3ac911e2f963b2a' AND ""movie_info_idx"".""info"" BETWEEN '.....23010' AND '9997' AND ""company_type"".""kind"" BETWEEN 'distributors' AND 'special effects companies' AND ""title"".""series_years"" BETWEEN '1991-????' AND '????' AND ""complete_cast"".""status_id"" BETWEEN 3 AND 4 AND ""cast_info"".""note"" BETWEEN '(advisor) (as Dan Carter)' AND '(épouse de Raymond)' AND ""name"".""name_pcode_nf"" BETWEEN 'A2621' AND 'Z6565';"
29b.sql,16,745082582,aka_name|aka_title|cast_info|char_name|comp_cast_type|company_name|complete_cast|info_type|kind_type|movie_companies|movie_info|movie_info_idx|movie_keyword|name|person_info|role_type|title,17,278d2b7b,ok,"SELECT DISTINCT ON(""aka_name"".""id"") ""aka_name"".""name_pcode_cf"" FROM ""aka_name"" LEFT JOIN ""name"" ON ""aka_name"".""person_id"" = ""name"".""id"" LEFT JOIN ""cast_info"" ON ""name"".""id"" = ""cast_info"".""person_id"" LEFT JOIN ""title"" ON ""cast_info"".""movie_id"" = ""title"".""id"" LEFT JOIN ""movie_info"" ON ""title"".""id"" = ""movie_info"".""movie_id"" LEFT JOIN ""complete_cast"" ON ""title"".""id"" = ""complete_cast"".""movie_id"" LEFT JOIN ""aka_title"" ON ""title"".""id"" = ""aka_title"".""movie_id"" LEFT JOIN ""char_name"" ON ""cast_info"".""person_role_id"" = ""char_name"".""id"" LEFT JOIN ""info_type"" ON ""movie_info"".""info_type_id"" = ""info_type"".""id"" LEFT JOIN ""movie_companies"" ON ""title"".""id"" = ""movie_companies"".""movie_id"" LEFT JOIN ""comp_cast_type"" ON ""complete_cast"".""subject_id"" = ""comp_cast_type"".""id"" LEFT JOIN ""person_info"" ON ""info_type"".""id"" = ""person_info"".""info_type_id"" LEFT JOIN ""kind_type"" ON ""aka_title"".""kind_id"" = ""kind_type"".""id"" LEFT JOIN ""movie_info_idx"" ON ""info_type"".""id"" = ""movie_info_idx"".""info_type_id"" LEFT JOIN ""movie_keyword"" ON ""title"".""id"" = ""movie_keyword"".""movie_id"" LEFT JOIN ""role_type"" ON ""cast_info"".""role_id"" = ""role_type"".""id"" LEFT JOIN ""company_name"" ON ""movie_companies"".""company_id"" = ""company_name"".""id"" WHERE ""movie_info_idx"".""info"" BETWEEN '.....23010' AND '9997' AND ""company_name"".""md5sum"" BETWEEN '0297e5ec22db809e0ff2b2ac09985ab9' AND 'ffff4e2362f22b10d3ac911e2f963b2a' AND ""complete_cast"".""status_id"" BETWEEN 3 AND 4 AND ""aka_name"".""md5sum"" BETWEEN '0292cac958e7ccf97eb657f38ec21ee0' AND 'ffffe722e6e7c1a8ba1f66032fef9762' AND ""info_type"".""info"" BETWEEN 'LD additional information' AND 'where now' AND ""movie_companies"".""note"" BETWEEN '(1911) (USA) (theatrical)' AND 'co-production)' AND ""char_name"".""md5sum"" BETWEEN '02915d50d5e08da33b86102ae812b444' AND 'fffffa526fd5c372942d57a412a9a4fe' AND ""title"".""phonetic_code"" BETWEEN 'A2352' AND 'Z6565' AND ""comp_cast_type"".""kind"" BETWEEN 'cast' AND 'crew' AND ""aka_title"".""episode_nr"" BETWEEN 1 AND 4315 AND ""person_info"".""note"" BETWEEN 'Gary Brumburgh / gr-home@pacbell.net' AND 'Ünsal Babayigit' AND ""name"".""imdb_index"" BETWEEN 'I' AND 'XXXVIII' AND ""movie_info"".""note"" BETWEEN '(Berlin International Film Festival)' AND 'ôtre k''ôtre' AND ""cast_info"".""note"" BETWEEN '(advisor) (as Dan Carter)' AND '(épouse de Raymond)' AND ""role_type"".""role"" BETWEEN 'actor' AND 'writer' AND ""kind_type"".""kind"" BETWEEN 'episode' AND 'video movie';"
29c.sql,16,745082582,aka_name|cast_info|char_name|comp_cast_type|company_type|complete_cast|info_type|kind_type|movie_companies|movie_info|movie_info_idx|movie_keyword|movie_link|name|person_info|role_type|title,17,55102448,ok,"SELECT DISTINCT ON(""aka_name"".""id"") ""aka_name"".""surname_pcode"" FROM ""aka_name"" LEFT JOIN ""name"" ON ""aka_name"".""person_id"" = ""name"".""id"" LEFT JOIN ""person_info"" ON ""name"".""id"" = ""person_info"".""person_id"" LEFT JOIN ""info_type"" ON ""person_info"".""info_type_id"" = ""info_type"".""id"" LEFT JOIN ""cast_info"" ON ""name"".""id"" = ""cast_info"".""person_id"" LEFT JOIN ""char_name"" ON ""cast_info"".""person_role_id"" = ""char_name"".""id"" LEFT JOIN ""role_type"" ON ""cast_info"".""role_id"" = ""role_type"".""id"" LEFT JOIN ""movie_info"" ON ""info_type"".""id"" = ""movie_info"".""info_type_id"" LEFT JOIN ""title"" ON ""movie_info"".""movie_id"" = ""title"".""id"" LEFT JOIN ""complete_cast"" ON ""title"".""id"" = ""complete_cast"".""movie_id"" LEFT JOIN ""comp_cast_type"" ON ""complete_cast"".""subject_id"" = ""comp_cast_type"".""id"" LEFT JOIN ""movie_link"" ON ""title"".""id"" = ""movie_link"".""movie_id"" LEFT JOIN ""movie_info_idx"" ON ""info_type"".""id"" = ""movie_info_idx"".""info_type_id"" LEFT JOIN ""movie_keyword"" ON ""title"".""id"" = ""movie_keyword"".""movie_id"" LEFT JOIN ""movie_companies"" ON ""title"".""id"" = ""movie_companies"".""movie_id"" LEFT JOIN ""kind_type"" ON ""title"".""kind_id"" = ""kind_type"".""id"" LEFT JOIN ""company_type"" ON ""movie_companies"".""company_type_id"" = ""company_type"".""id"" WHERE ""comp_cast_type"".""kind"" BETWEEN 'cast' AND 'crew' AND ""char_name"".""md5sum"" BETWEEN '02915d50d5e08da33b86102ae812b444' AND 'fffffa526fd5c372942d57a412a9a4fe' AND ""aka_name"".""surname_pcode"" BETWEEN 'A362' AND 'Z656' AND ""movie_info"".""note"" BETWEEN '(Berlin International Film Festival)' AND 'ôtre k''ôtre' AND ""kind_type"".""kind"" BETWEEN 'episode' AND 'video movie' AND ""movie_link"".""linked_movie_id"" BETWEEN 11104 AND 2524994 AND ""person_info"".""info"" BETWEEN '""Celebrity Sleuth"" (USA), 2004, Iss. 35' AND 'Þórsson, Sindri Eldon' AND ""movie_companies"".""note"" BETWEEN '(1911) (USA) (theatrical)' AND 'co-production)' AND ""info_type"".""info"" BETWEEN 'LD additional information' AND 'where now' AND ""role_type"".""role"" BETWEEN 'actor' AND 'writer' AND ""movie_info_idx"".""info"" BETWEEN '.....23010' AND '9997' AND ""title"".""imdb_index"" BETWEEN 'IV' AND 'XXIV' AND ""complete_cast"".""status_id"" BETWEEN 3 AND 4 AND ""company_type"".""kind"" BETWEEN 'distributors' AND 'special effects companies' AND ""cast_info"".""nr_order"" BETWEEN 0 AND 1115798165 AND ""name"".""surname_pcode"" BETWEEN 'A32' AND 'Z656';"
2a.sql,4,68207896,company_name|company_type|movie_companies|movie_link|title,5,b6c2b9a3,ok,"SELECT DISTINCT ON(""company_name"".""id"") ""company_name"".""id"" FROM ""company_name"" LEFT JOIN ""movie_companies"" ON ""company_name"".""id"" = ""movie_companies"".""company_id"" LEFT JOIN ""company_type"" ON ""movie_companies"".""company_type_id"" = ""company_type"".""id"" LEFT JOIN ""title"" ON ""movie_companies"".""movie_id"" = ""title"".""id"" LEFT JOIN ""movie_link"" ON ""title"".""id"" = ""movie_link"".""movie_id"" WHERE ""company_name"".""name_pcode_sf"" BETWEEN 'A2145' AND 'Z6543' AND ""title"".""md5sum"" BETWEEN '0296d2b20235be36849d015e34d80f2c' AND 'fffffec1b13bc6af69f56864884364e4' AND ""company_type"".""kind"" BETWEEN 'distributors' AND 'special effects companies' AND ""movie_link"".""linked_movie_id"" BETWEEN 11104 AND 2524994 AND ""movie_companies"".""note"" BETWEEN '(1911) (USA) (theatrical)' AND 'co-production)';"
2b.sql,4,68207896,company_name|company_type|movie_companies|movie_info_idx|title,5,aed21b9f,ok,"SELECT DISTINCT ON(""company_name"".""id"") ""company_name"".""name_pcode_sf"" FROM ""company_name"" LEFT JOIN ""movie_companies"" ON ""company_name"".""id"" = ""movie_companies"".""company_id"" LEFT JOIN ""company_type"" ON ""movie_companies"".""company_type_id"" = ""company_type"".""id"" LEFT JOIN ""title"" ON ""movie_companies"".""movie_id"" = ""title"".""id"" LEFT JOIN ""movie_info_idx"" ON ""title"".""id"" = ""movie_info_idx"".""movie_id"" WHERE ""movie_companies"".""note"" BETWEEN '(1911) (USA) (theatrical)' AND 'co-production)' AND ""company_name"".""name"" BETWEEN '6 {ft} 1 Productions' AND 'ö Filmproduktion' AND ""company_type"".""kind"" BETWEEN 'distributors' AND 'special effects companies' AND ""movie_info_idx"".""info"" BETWEEN '.....23010' AND '9997' AND ""title"".""imdb_index"" BETWEEN 'IV' AND 'XXIV';"
2c.sql,4,68207896,cast_info|company_name|company_type|movie_companies|title,5,cda6fdaa,ok,"SELECT DISTINCT ON(""company_name"".""id"") ""company_name"".""md5sum"" FROM ""company_name"" LEFT JOIN ""movie_companies"" ON ""company_name"".""id"" = ""movie_companies"".""company_id"" LEFT JOIN ""company_type"" ON ""movie_companies"".""company_type_id"" = ""company_type"".""id"" LEFT JOIN ""title"" ON ""movie_companies"".""movie_id"" = ""title"".""id"" LEFT JOIN ""cast_info"" ON ""title"".""id"" = ""cast_info"".""movie_id"" WHERE ""company_name"".""country_code"" BETWEEN '[at]' AND '[zw]' AND ""title"".""production_year"" BETWEEN 1910 AND 2019 AND ""company_type"".""kind"" BETWEEN 'distributors' AND 'special effects companies' AND ""movie_companies"".""note"" BETWEEN '(1911) (USA) (theatrical)' AND 'co-production)' AND ""cast_info"".""nr_order"" BETWEEN 0 AND 1115798165;"
2d.sql,4,68207896,company_name|company_type|movie_companies|movie_keyword|title,5,6071a1f6,ok,"SELECT DISTINCT ON(""company_name"".""id"") ""company_name"".""country_code"" FROM ""company_name"" LEFT JOIN ""movie_companies"" ON ""company_name"".""id"" = ""movie_companies"".""company_id"" LEFT JOIN ""title"" ON ""movie_companies"".""movie_id"" = ""title"".""id"" LEFT JOIN ""movie_keyword"" ON ""title"".""id"" = ""movie_keyword"".""movie_id"" LEFT JOIN ""company_type"" ON ""movie_companies"".""company_type_id"" = ""company_type"".""id"" WHERE ""movie_companies"".""note"" BETWEEN '(1911) (USA) (theatrical)' AND 'co-production)' AND ""company_name"".""name"" BETWEEN '6 {ft} 1 Productions' AND 'ö Filmproduktion' AND ""company_type"".""kind"" BETWEEN 'distributors' AND 'special effects companies' AND ""title"".""episode_nr"" BETWEEN 1 AND 91821;"
30a.sql,11,616588730,cast_info|char_name|comp_cast_type|company_name|company_type|complete_cast|movie_companies|movie_link|name|person_info|role_type|title,12,9b89ed0e,ok,"SELECT DISTINCT ON(""complete_cast"".""id"") ""complete_cast"".""status_id"" FROM ""complete_cast"" LEFT JOIN ""comp_cast_type"" ON ""complete_cast"".""subject_id"" = ""comp_cast_type"".""id"" LEFT JOIN ""title"" ON ""complete_cast"".""movie_id"" = ""title"".""id"" LEFT JOIN ""cast_info"" ON ""title"".""id"" = ""cast_info"".""movie_id"" LEFT JOIN ""char_name"" ON ""cast_info"".""person_role_id"" = ""char_name"".""id"" LEFT JOIN ""movie_link"" ON ""title"".""id"" = ""movie_link"".""movie_id"" LEFT JOIN ""movie_companies"" ON ""title"".""id"" = ""movie_companies"".""movie_id"" LEFT JOIN ""name"" ON ""cast_info"".""person_id"" = ""name"".""id"" LEFT JOIN ""role_type"" ON ""cast_info"".""role_id"" = ""role_type"".""id"" LEFT JOIN ""person_info"" ON ""name"".""id"" = ""person_info"".""person_id"" LEFT JOIN ""company_type"" ON ""movie_companies"".""company_type_id"" = ""company_type"".""id"" LEFT JOIN ""company_name"" ON ""movie_companies"".""company_id"" = ""company_name"".""id"" WHERE ""company_name"".""name"" BETWEEN '6 {ft} 1 Productions' AND 'ö Filmproduktion' AND ""complete_cast"".""status_id"" BETWEEN 3 AND 4 AND ""char_name"".""imdb_index"" BETWEEN 'M' AND 'M' AND ""comp_cast_type"".""kind"" BETWEEN 'cast' AND 'crew' AND ""title"".""phonetic_code"" BETWEEN 'A2352' AND 'Z6565' AND ""company_type"".""kind"" BETWEEN 'distributors' AND 'special effects companies' AND ""movie_link"".""linked_movie_id"" BETWEEN 11104 AND 2524994 AND ""person_info"".""info"" BETWEEN '""Celebrity Sleuth"" (USA), 2004, Iss. 35' AND 'Þórsson, Sindri Eldon' AND ""name"".""imdb_index"" BETWEEN 'I' AND 'XXXVIII' AND ""movie_companies"".""note"" BETWEEN '(1911) (USA) (theatrical)' AND 'co-production)' AND ""cast_info"".""nr_order"" BETWEEN 0 AND 1115798165 AND ""role_type"".""role"" BETWEEN 'actor' AND 'writer';"
30b.sql,11,616588730,cast_info|comp_cast_type|company_type|complete_cast|link_type|movie_companies|movie_info|movie_info_idx|movie_keyword|movie_link|role_type|title,12,4b98c7c4,ok,"SELECT DISTINCT ON(""complete_cast"".""id"") ""complete_cast"".""movie_id"" FROM ""complete_cast"" LEFT JOIN ""title"" ON ""complete_cast"".""movie_id"" = ""title"".""id"" LEFT JOIN ""movie_companies"" ON ""title"".""id"" = ""movie_companies"".""movie_id"" LEFT JOIN ""movie_link"" ON ""title"".""id"" = ""movie_link"".""movie_id"" LEFT JOIN ""comp_cast_type"" ON ""complete_cast"".""subject_id"" = ""comp_cast_type"".""id"" LEFT JOIN ""movie_keyword"" ON ""title"".""id"" = ""movie_keyword"".""movie_id"" LEFT JOIN ""link_type"" ON ""movie_link"".""link_type_id"" = ""link_type"".""id"" LEFT JOIN ""company_type"" ON ""movie_companies"".""company_type_id"" = ""company_type"".""id"" LEFT JOIN ""movie_info"" ON ""title"".""id"" = ""movie_info"".""movie_id"" LEFT JOIN ""cast_info"" ON ""title"".""id"" = ""cast_info"".""movie_id"" LEFT JOIN ""movie_info_idx"" ON ""title"".""id"" = ""movie_info_idx"".""movie_id"" LEFT JOIN ""role_type"" ON ""cast_info"".""role_id"" = ""role_type"".""id"" WHERE ""comp_cast_type"".""kind"" BETWEEN 'cast' AND 'crew' AND ""link_type"".""link"" BETWEEN 'alternate language version of' AND 'version of' AND ""movie_info"".""note"" BETWEEN '(Berlin International Film Festival)' AND 'ôtre k''ôtre' AND ""movie_link"".""linked_movie_id"" BETWEEN 11104 AND 2524994 AND ""movie_companies"".""note"" BETWEEN '(1911) (USA) (theatrical)' AND 'co-production)' AND ""role_type"".""role"" BETWEEN 'actor' AND 'writer' AND ""company_type"".""kind"" BETWEEN 'distributors' AND 'special effects companies' AND ""title"".""imdb_index"" BETWEEN 'IV' AND 'XXIV' AND ""complete_cast"".""status_id"" BETWEEN 3 AND 4 AND ""movie_info_idx"".""info"" BETWEEN '.....23010' AND '9997' AND ""cast_info"".""note"" BETWEEN '(advisor) (as Dan Carter)' AND '(épouse de Raymond)';"
30c.sql,11,616588730,aka_title|comp_cast_type|complete_cast|info_type|keyword|kind_type|movie_companies|movie_info|movie_info_idx|movie_keyword|movie_link|title,12,f75f50c8,ok,"SELECT DISTINCT ON(""complete_cast"".""id"") ""complete_cast"".""id"" FROM ""complete_cast"" LEFT JOIN ""title"" ON ""complete_cast"".""movie_id"" = ""title"".""id"" LEFT JOIN ""movie_keyword"" ON ""title"".""id"" = ""movie_keyword"".""movie_id"" LEFT JOIN ""movie_info_idx"" ON ""title"".""id"" = ""movie_info_idx"".""movie_id"" LEFT JOIN ""movie_link"" ON ""title"".""id"" = ""movie_link"".""movie_id"" LEFT JOIN ""comp_cast_type"" ON ""complete_cast"".""subject_id"" = ""comp_cast_type"".""id"" LEFT JOIN ""aka_title"" ON ""title"".""id"" = ""aka_title"".""movie_id"" LEFT JOIN ""keyword"" ON ""movie_keyword"".""keyword_id"" = ""keyword"".""id"" LEFT JOIN ""movie_info"" ON ""title"".""id"" = ""movie_info"".""movie_id"" LEFT JOIN ""movie_companies"" ON ""title"".""id"" = ""movie_companies"".""movie_id"" LEFT JOIN ""info_type"" ON ""movie_info_idx"".""info_type_id"" = ""info_type"".""id"" LEFT JOIN ""kind_type"" ON ""title"".""kind_id"" = ""kind_type"".""id"" WHERE ""movie_info_idx"".""info"" BETWEEN '.....23010' AND '9997' AND ""complete_cast"".""status_id"" BETWEEN 3 AND 4 AND ""info_type"".""info"" BETWEEN 'LD additional information' AND 'where now' AND ""movie_companies"".""note"" BETWEEN '(1911) (USA) (theatrical)' AND 'co-production)' AND ""title"".""production_year"" BETWEEN 1910 AND 2019 AND ""comp_cast_type"".""kind"" BETWEEN 'cast' AND 'crew' AND ""keyword"".""keyword"" BETWEEN 'acidosis' AND 'øresund' AND ""aka_title"".""title"" BETWEEN 'A Ballad About Green Wood' AND 'þõîñ' AND ""movie_link"".""linked_movie_id"" BETWEEN 11104 AND 2524994 AND ""movie_info"".""note"" BETWEEN '(Berlin International Film Festival)' AND 'ôtre k''ôtre' AND ""kind_type"".""kind"" BETWEEN 'episode' AND 'video movie';"
31a.sql,10,639271380,aka_name|aka_title|cast_info|char_name|kind_type|movie_keyword|movie_link|name|person_info|role_type|title,11,7be67791,ok,"SELECT DISTINCT ON(""cast_info"".""id"") ""cast_info"".""role_id"" FROM ""cast_info"" LEFT JOIN ""char_name"" ON ""cast_info"".""person_role_id"" = ""char_name"".""id"" LEFT JOIN ""role_type"" ON ""cast_info"".""role_id"" = ""role_type"".""id"" LEFT JOIN ""title"" ON ""cast_info"".""movie_id"" = ""title"".""id"" LEFT JOIN ""movie_link"" ON ""title"".""id"" = ""movie_link"".""movie_id"" LEFT JOIN ""kind_type"" ON ""title"".""kind_id"" = ""kind_type"".""id"" LEFT JOIN ""name"" ON ""cast_info"".""person_id"" = ""name"".""id"" LEFT JOIN ""person_info"" ON ""name"".""id"" = ""person_info"".""person_id"" LEFT JOIN ""movie_keyword"" ON ""title"".""id"" = ""movie_keyword"".""movie_id"" LEFT JOIN ""aka_name"" ON ""name"".""id"" = ""aka_name"".""person_id"" LEFT JOIN ""aka_title"" ON ""title"".""id"" = ""aka_title"".""movie_id"" WHERE ""char_name"".""name"" BETWEEN 'Abe Tyson' AND 'üzletember' AND ""aka_name"".""name_pcode_nf"" BETWEEN 'A3415' AND 'Z6565' AND ""kind_type"".""kind"" BETWEEN 'episode' AND 'video movie' AND ""movie_link"".""linked_movie_id"" BETWEEN 11104 AND 2524994 AND ""person_info"".""info"" BETWEEN '""Celebrity Sleuth"" (USA), 2004, Iss. 35' AND 'Þórsson, Sindri Eldon' AND ""aka_title"".""phonetic_code"" BETWEEN 'A1652' AND 'Z6564' AND ""role_type"".""role"" BETWEEN 'actor' AND 'writer' AND ""title"".""series_years"" BETWEEN '1991-????' AND '????' AND ""cast_info"".""nr_order"" BETWEEN 0 AND 1115798165 AND ""name"".""name_pcode_nf"" BETWEEN 'A2621' AND 'Z6565';"
31b.sql,10,639271380,aka_title|cast_info|char_name|comp_cast_type|complete_cast|movie_companies|movie_info|movie_keyword|movie_link|name|title,11,8bc7e364,ok,"SELECT DISTINCT ON(""cast_info"".""id"") ""cast_info"".""role_id"" FROM ""cast_info"" LEFT JOIN ""name"" ON ""cast_info"".""person_id"" = ""name"".""id"" LEFT JOIN ""title"" ON ""cast_info"".""movie_id"" = ""title"".""id"" LEFT JOIN ""aka_title"" ON ""title"".""id"" = ""aka_title"".""movie_id"" LEFT JOIN ""complete_cast"" ON ""title"".""id"" = ""complete_cast"".""movie_id"" LEFT JOIN ""movie_link"" ON ""title"".""id"" = ""movie_link"".""movie_id"" LEFT JOIN ""char_name"" ON ""cast_info"".""person_role_id"" = ""char_name"".""id"" LEFT JOIN ""movie_companies"" ON ""title"".""id"" = ""movie_companies"".""movie_id"" LEFT JOIN ""comp_cast_type"" ON ""complete_cast"".""subject_id"" = ""comp_cast_type"".""id"" LEFT JOIN ""movie_info"" ON ""title"".""id"" = ""movie_info"".""movie_id"" LEFT JOIN ""movie_keyword"" ON ""title"".""id"" = ""movie_keyword"".""movie_id"" WHERE ""complete_cast"".""status_id"" BETWEEN 3 AND 4 AND ""char_name"".""name"" BETWEEN 'Abe Tyson' AND 'üzletember' AND ""title"".""imdb_index"" BETWEEN 'IV' AND 'XXIV' AND ""comp_cast_type"".""kind"" BETWEEN 'cast' AND 'crew' AND ""aka_title"".""imdb_index"" BETWEEN 'XII' AND 'XII' AND ""movie_info"".""note"" BETWEEN '(Berlin International Film Festival)' AND 'ôtre k''ôtre' AND ""movie_link"".""linked_movie_id"" BETWEEN 11104 AND 2524994 AND ""name"".""gender"" BETWEEN 'f' AND 'm' AND ""movie_companies"".""note"" BETWEEN '(1911) (USA) (theatrical)' AND 'co-production)' AND ""cast_info"".""nr_order"" BETWEEN 0 AND 1115798165;"
31c.sql,10,639271380,aka_name|cast_info|keyword|kind_type|movie_info|movie_keyword|movie_link|name|person_info|role_type|title,11,277507e9,ok,"SELECT DISTINCT ON(""cast_info"".""id"") ""cast_info"".""role_id"" FROM ""cast_info"" LEFT JOIN ""role_type"" ON ""cast_info"".""role_id"" = ""role_type"".""id"" LEFT JOIN ""title"" ON ""cast_info"".""movie_id"" = ""title"".""id"" LEFT JOIN ""name"" ON ""cast_info"".""person_id"" = ""name"".""id"" LEFT JOIN ""movie_keyword"" ON ""title"".""id"" = ""movie_keyword"".""movie_id"" LEFT JOIN ""movie_info"" ON ""title"".""id"" = ""movie_info"".""movie_id"" LEFT JOIN ""kind_type"" ON ""title"".""kind_id"" = ""kind_type"".""id"" LEFT JOIN ""movie_link"" ON ""title"".""id"" = ""movie_link"".""movie_id"" LEFT JOIN ""keyword"" ON ""movie_keyword"".""keyword_id"" = ""keyword"".""id"" LEFT JOIN ""person_info"" ON ""name"".""id"" = ""person_info"".""person_id"" LEFT JOIN ""aka_name"" ON ""name"".""id"" = ""aka_name"".""person_id"" WHERE ""movie_info"".""info"" BETWEEN '$25,000' AND '€ 999,554 (Belgium) (25 March 2007)' AND ""aka_name"".""surname_pcode"" BETWEEN 'A362' AND 'Z656' AND ""kind_type"".""kind"" BETWEEN 'episode' AND 'video movie' AND ""movie_link"".""linked_movie_id"" BETWEEN 11104 AND 2524994 AND ""person_info"".""info"" BETWEEN '""Celebrity Sleuth"" (USA), 2004, Iss. 35' AND 'Þórsson, Sindri Eldon' AND ""role_type"".""role"" BETWEEN 'actor' AND 'writer' AND ""keyword"".""phonetic_code"" BETWEEN 'A2364' AND 'Z653' AND ""title"".""title"" BETWEEN '(#1.10964)' AND 'üç' AND ""cast_info"".""nr_order"" BETWEEN 0 AND 1115798165 AND ""name"".""md5sum"" BETWEEN '028f683477b8a4c79a33ff63cdc44581' AND 'fffff98a09c03b80a33d5f7ebc83006e';"
32a.sql,5,45104918,aka_title|complete_cast|keyword|kind_type|movie_keyword|title,6,227e16a4,ok,"SELECT DISTINCT ON(""keyword"".""id"") ""keyword"".""keyword"" FROM ""keyword"" LEFT JOIN ""movie_keyword"" ON ""keyword"".""id"" = ""movie_keyword"".""keyword_id"" LEFT JOIN ""title"" ON ""movie_keyword"".""movie_id"" = ""title"".""id"" LEFT JOIN ""kind_type"" ON ""title"".""kind_id"" = ""kind_type"".""id"" LEFT JOIN ""aka_title"" ON ""kind_type"".""id"" = ""aka_title"".""kind_id"" LEFT JOIN ""complete_cast"" ON ""title"".""id"" = ""complete_cast"".""movie_id"" WHERE ""complete_cast"".""status_id"" BETWEEN 3 AND 4 AND ""title"".""md5sum"" BETWEEN '0296d2b20235be36849d015e34d80f2c' AND 'fffffec1b13bc6af69f56864884364e4' AND ""keyword"".""keyword"" BETWEEN 'acidosis' AND 'øresund' AND ""aka_title"".""title"" BETWEEN 'A Ballad About Green Wood' AND 'þõîñ' AND ""kind_type"".""kind"" BETWEEN 'episode' AND 'video movie';"
32b.sql,5,45104918,complete_cast|keyword|kind_type|movie_info|movie_keyword|title,6,abb79b39,ok,"SELECT DISTINCT ON(""keyword"".""id"") ""keyword"".""phonetic_code"" FROM ""keyword"" LEFT JOIN ""movie_keyword"" ON ""keyword"".""id"" = ""movie_keyword"".""keyword_id"" LEFT JOIN ""title"" ON ""movie_keyword"".""movie_id"" = ""title"".""id"" LEFT JOIN ""complete_cast"" ON ""title"".""id"" = ""complete_cast"".""movie_id"" LEFT JOIN ""movie_info"" ON ""title"".""id"" = ""movie_info"".""movie_id"" LEFT JOIN ""kind_type"" ON ""title"".""kind_id"" = ""kind_type"".""id"" WHERE ""movie_info"".""note"" BETWEEN '(Berlin International Film Festival)' AND 'ôtre k''ôtre' AND ""kind_type"".""kind"" BETWEEN 'episode' AND 'video movie' AND ""keyword"".""keyword"" BETWEEN 'acidosis' AND 'øresund' AND ""title"".""episode_of_id"" BETWEEN 15711 AND 2528186 AND ""complete_cast"".""status_id"" BETWEEN 3 AND 4;"
33a.sql,13,64723403,aka_title|cast_info|company_name|company_type|info_type|kind_type|link_type|movie_companies|movie_info|movie_link|name|person_info|role_type|title,14,905693f8,ok,"SELECT DISTINCT ON(""company_name"".""id"") ""company_name"".""name_pcode_sf"" FROM ""company_name"" LEFT JOIN ""movie_companies"" ON ""company_name"".""id"" = ""movie_companies"".""company_id"" LEFT JOIN ""title"" ON ""movie_companies"".""movie_id"" = ""title"".""id"" LEFT JOIN ""cast_info"" ON ""title"".""id"" = ""cast_info"".""movie_id"" LEFT JOIN ""movie_link"" ON ""title"".""id"" = ""movie_link"".""movie_id"" LEFT JOIN ""kind_type"" ON ""title"".""kind_id"" = ""kind_type"".""id"" LEFT JOIN ""aka_title"" ON ""kind_type"".""id"" = ""aka_title"".""kind_id"" LEFT JOIN ""movie_info"" ON ""title"".""id"" = ""movie_info"".""movie_id"" LEFT JOIN ""company_type"" ON ""movie_companies"".""company_type_id"" = ""company_type"".""id"" LEFT JOIN ""info_type"" ON ""movie_info"".""info_type_id"" = ""info_type"".""id"" LEFT JOIN ""role_type"" ON ""cast_info"".""role_id"" = ""role_type"".""id"" LEFT JOIN ""link_type"" ON ""movie_link"".""link_type_id"" = ""link_type"".""id"" LEFT JOIN ""person_info"" ON ""info_type"".""id"" = ""person_info"".""info_type_id"" LEFT JOIN ""name"" ON ""cast_info"".""person_id"" = ""name"".""id"" WHERE ""company_name"".""name_pcode_sf"" BETWEEN 'A2145' AND 'Z6543' AND ""info_type"".""info"" BETWEEN 'LD additional information' AND 'where now' AND ""title"".""production_year"" BETWEEN 1910 AND 2019 AND ""company_type"".""kind"" BETWEEN 'distributors' AND 'special effects companies' AND ""aka_title"".""imdb_index"" BETWEEN 'XII' AND 'XII' AND ""movie_info"".""note"" BETWEEN '(Berlin International Film Festival)' AND 'ôtre k''ôtre' AND ""movie_link"".""linked_movie_id"" BETWEEN 11104 AND 2524994 AND ""person_info"".""info"" BETWEEN '""Celebrity Sleuth"" (USA), 2004, Iss. 35' AND 'Þórsson, Sindri Eldon' AND ""name"".""name_pcode_nf"" BETWEEN 'A2621' AND 'Z6565' AND ""link_type"".""link"" BETWEEN 'alternate language version of' AND 'version of' AND ""movie_companies"".""note"" BETWEEN '(1911) (USA) (theatrical)' AND 'co-production)' AND ""cast_info"".""note"" BETWEEN '(advisor) (as Dan Carter)' AND '(épouse de Raymond)' AND ""role_type"".""role"" BETWEEN 'actor' AND 'writer' AND ""kind_type"".""kind"" BETWEEN 'episode' AND 'video movie';"
33b.sql,13,64723403,aka_title|company_name|company_type|complete_cast|info_type|keyword|kind_type|link_type|movie_companies|movie_info|movie_info_idx|movie_keyword|movie_link|title,14,ee5f8866,ok,"SELECT DISTINCT ON(""company_name"".""id"") ""company_name"".""name"" FROM ""company_name"" LEFT JOIN ""movie_companies"" ON ""company_name"".""id"" = ""movie_companies"".""company_id"" LEFT JOIN ""company_type"" ON ""movie_companies"".""company_type_id"" = ""company_type"".""id"" LEFT JOIN ""title"" ON ""movie_companies"".""movie_id"" = ""title"".""id"" LEFT JOIN ""movie_info"" ON ""title"".""id"" = ""movie_info"".""movie_id"" LEFT JOIN ""movie_link"" ON ""title"".""id"" = ""movie_link"".""movie_id"" LEFT JOIN ""link_type"" ON ""movie_link"".""link_type_id"" = ""link_type"".""id"" LEFT JOIN ""kind_type"" ON ""title"".""kind_id"" = ""kind_type"".""id"" LEFT JOIN ""aka_title"" ON ""kind_type"".""id"" = ""aka_title"".""kind_id"" LEFT JOIN ""movie_keyword"" ON ""title"".""id"" = ""movie_keyword"".""movie_id"" LEFT JOIN ""complete_cast"" ON ""title"".""id"" = ""complete_cast"".""movie_id"" LEFT JOIN ""movie_info_idx"" ON ""title"".""id"" = ""movie_info_idx"".""movie_id"" LEFT JOIN ""keyword"" ON ""movie_keyword"".""keyword_id"" = ""keyword"".""id"" LEFT JOIN ""info_type"" ON ""movie_info_idx"".""info_type_id"" = ""info_type"".""id"" WHERE ""link_type"".""link"" BETWEEN 'alternate language version of' AND 'version of' AND ""movie_info"".""note"" BETWEEN '(Berlin International Film Festival)' AND 'ôtre k''ôtre' AND ""kind_type"".""kind"" BETWEEN 'episode' AND 'video movie' AND ""movie_link"".""linked_movie_id"" BETWEEN 11104 AND 2524994 AND ""movie_companies"".""note"" BETWEEN '(1911) (USA) (theatrical)' AND 'co-production)' AND ""aka_title"".""imdb_index"" BETWEEN 'XII' AND 'XII' AND ""info_type"".""info"" BETWEEN 'LD additional information' AND 'where now' AND ""company_name"".""name"" BETWEEN '6 {ft} 1 Productions' AND 'ö Filmproduktion' AND ""company_type"".""kind"" BETWEEN 'distributors' AND 'special effects companies' AND ""title"".""episode_nr"" BETWEEN 1 AND 91821 AND ""complete_cast"".""status_id"" BETWEEN 3 AND 4 AND ""movie_info_idx"".""info"" BETWEEN '.....23010' AND '9997' AND ""keyword"".""keyword"" BETWEEN 'acidosis' AND 'øresund';"
33c.sql,13,64723403,aka_title|cast_info|char_name|company_name|complete_cast|keyword|kind_type|link_type|movie_companies|movie_info|movie_info_idx|movie_keyword|movie_link|title,14,f2a10418,ok,"SELECT DISTINCT ON(""company_name"".""id"") ""company_name"".""imdb_id"" FROM ""company_name"" LEFT JOIN ""movie_companies"" ON ""company_name"".""id"" = ""movie_companies"".""company_id"" LEFT JOIN ""title"" ON ""movie_companies"".""movie_id"" = ""title"".""id"" LEFT JOIN ""aka_title"" ON ""title"".""id"" = ""aka_title"".""movie_id"" LEFT JOIN ""movie_keyword"" ON ""title"".""id"" = ""movie_keyword"".""movie_id"" LEFT JOIN ""kind_type"" ON ""title"".""kind_id"" = ""kind_type"".""id"" LEFT JOIN ""cast_info"" ON ""title"".""id"" = ""cast_info"".""movie_id"" LEFT JOIN ""keyword"" ON ""movie_keyword"".""keyword_id"" = ""keyword"".""id"" LEFT JOIN ""movie_link"" ON ""title"".""id"" = ""movie_link"".""movie_id"" LEFT JOIN ""link_type"" ON ""movie_link"".""link_type_id"" = ""link_type"".""id"" LEFT JOIN ""char_name"" ON ""cast_info"".""person_role_id"" = ""char_name"".""id"" LEFT JOIN ""movie_info"" ON ""title"".""id"" = ""movie_info"".""movie_id"" LEFT JOIN ""movie_info_idx"" ON ""title"".""id"" = ""movie_info_idx"".""movie_id"" LEFT JOIN ""complete_cast"" ON ""title"".""id"" = ""complete_cast"".""movie_id"" WHERE ""company_name"".""name_pcode_nf"" BETWEEN 'A2121' AND 'Z6543' AND ""movie_info_idx"".""info"" BETWEEN '.....23010' AND '9997' AND ""complete_cast"".""status_id"" BETWEEN 3 AND 4 AND ""char_name"".""surname_pcode"" BETWEEN 'A2514' AND 'Z6562' AND ""title"".""series_years"" BETWEEN '1991-????' AND '????' AND ""keyword"".""keyword"" BETWEEN 'acidosis' AND 'øresund' AND ""aka_title"".""episode_nr"" BETWEEN 1 AND 4315 AND ""movie_info"".""note"" BETWEEN '(Berlin International Film Festival)' AND 'ôtre k''ôtre' AND ""movie_link"".""linked_movie_id"" BETWEEN 11104 AND 2524994 AND ""link_type"".""link"" BETWEEN 'alternate language version of' AND 'version of' AND ""movie_companies"".""note"" BETWEEN '(1911) (USA) (theatrical)' AND 'co-production)' AND ""cast_info"".""nr_order"" BETWEEN 0 AND 1115798165 AND ""kind_type"".""kind"" BETWEEN 'episode' AND 'video movie';"
3a.sql,3,341699294,keyword|movie_companies|movie_keyword|title,4,4eedf261,ok,"SELECT DISTINCT ON(""keyword"".""id"") ""keyword"".""phonetic_code"" FROM ""keyword"" LEFT JOIN ""movie_keyword"" ON ""keyword"".""id"" = ""movie_keyword"".""keyword_id"" LEFT JOIN ""title"" ON ""movie_keyword"".""movie_id"" = ""title"".""id"" LEFT JOIN ""movie_companies"" ON ""title"".""id"" = ""movie_companies"".""movie_id"" WHERE ""movie_companies"".""note"" BETWEEN '(1911) (USA) (theatrical)' AND 'co-production)' AND ""keyword"".""phonetic_code"" BETWEEN 'A2364' AND 'Z653' AND ""title"".""production_year"" BETWEEN 1910 AND 2019;"
3b.sql,3,341699294,keyword|kind_type|movie_keyword|title,4,e140475c,ok,"SELECT DISTINCT ON(""keyword"".""id"") ""keyword"".""keyword"" FROM ""keyword"" LEFT JOIN ""movie_keyword"" ON ""keyword"".""id"" = ""movie_keyword"".""keyword_id"" LEFT JOIN ""title"" ON ""movie_keyword"".""movie_id"" = ""title"".""id"" LEFT JOIN ""kind_type"" ON ""title"".""kind_id"" = ""kind_type"".""id"" WHERE ""title"".""series_years"" BETWEEN '1991-????' AND '????' AND ""keyword"".""keyword"" BETWEEN 'acidosis' AND 'øresund' AND ""kind_type"".""kind"" BETWEEN 'episode' AND 'video movie';"
3c.sql,3,341699294,keyword|movie_companies|movie_keyword|title,4,f4d86287,ok,"SELECT DISTINCT ON(""keyword"".""id"") ""keyword"".""keyword"" FROM ""keyword"" LEFT JOIN ""movie_keyword"" ON ""keyword"".""id"" = ""movie_keyword"".""keyword_id"" LEFT JOIN ""title"" ON ""movie_keyword"".""movie_id"" = ""title"".""id"" LEFT JOIN ""movie_companies"" ON ""title"".""id"" = ""movie_companies"".""movie_id"" WHERE ""movie_companies"".""note"" BETWEEN '(1911) (USA) (theatrical)' AND 'co-production)' AND ""keyword"".""phonetic_code"" BETWEEN 'A2364' AND 'Z653' AND ""title"".""title"" BETWEEN '(#1.10964)' AND 'üç';"
4a.sql,4,56025513,info_type|movie_info|movie_info_idx|name|person_info,5,34967f87,ok,"SELECT DISTINCT ON(""info_type"".""id"") ""info_type"".""id"" FROM ""info_type"" LEFT JOIN ""person_info"" ON ""info_type"".""id"" = ""person_info"".""info_type_id"" LEFT JOIN ""movie_info_idx"" ON ""info_type"".""id"" = ""movie_info_idx"".""info_type_id"" LEFT JOIN ""movie_info"" ON ""info_type"".""id"" = ""movie_info"".""info_type_id"" LEFT JOIN ""name"" ON ""person_info"".""person_id"" = ""name"".""id"" WHERE ""movie_info_idx"".""info"" BETWEEN '.....23010' AND '9997' AND ""info_type"".""info"" BETWEEN 'LD additional information' AND 'where now' AND ""person_info"".""info"" BETWEEN '""Celebrity Sleuth"" (USA), 2004, Iss. 35' AND 'Þórsson, Sindri Eldon' AND ""name"".""name_pcode_cf"" BETWEEN 'A2526' AND 'Z6565' AND ""movie_info"".""note"" BETWEEN '(Berlin International Film Festival)' AND 'ôtre k''ôtre';"
4b.sql,4,56025513,info_type|kind_type|movie_info_idx|person_info|title,5,0860e401,ok,"SELECT DISTINCT ON(""info_type"".""id"") ""info_type"".""id"" FROM ""info_type"" LEFT JOIN ""person_info"" ON ""info_type"".""id"" = ""person_info"".""info_type_id"" LEFT JOIN ""movie_info_idx"" ON ""info_type"".""id"" = ""movie_info_idx"".""info_type_id"" LEFT JOIN ""title"" ON ""movie_info_idx"".""movie_id"" = ""title"".""id"" LEFT JOIN ""kind_type"" ON ""title"".""kind_id"" = ""kind_type"".""id"" WHERE ""kind_type"".""kind"" BETWEEN 'episode' AND 'video movie' AND ""person_info"".""info"" BETWEEN '""Celebrity Sleuth"" (USA), 2004, Iss. 35' AND 'Þórsson, Sindri Eldon' AND ""info_type"".""info"" BETWEEN 'LD additional information' AND 'where now' AND ""movie_info_idx"".""info"" BETWEEN '.....23010' AND '9997' AND ""title"".""season_nr"" BETWEEN 1 AND 2013;"
4c.sql,4,56025513,info_type|movie_info|movie_info_idx|person_info|title,5,2502e159,ok,"SELECT DISTINCT ON(""info_type"".""id"") ""info_type"".""info"" FROM ""info_type"" LEFT JOIN ""person_info"" ON ""info_type"".""id"" = ""person_info"".""info_type_id"" LEFT JOIN ""movie_info"" ON ""info_type"".""id"" = ""movie_info"".""info_type_id"" LEFT JOIN ""title"" ON ""movie_info"".""movie_id"" = ""title"".""id"" LEFT JOIN ""movie_info_idx"" ON ""title"".""id"" = ""movie_info_idx"".""movie_id"" WHERE ""movie_info_idx"".""info"" BETWEEN '.....23010' AND '9997' AND ""info_type"".""info"" BETWEEN 'LD additional information' AND 'where now' AND ""title"".""series_years"" BETWEEN '1991-????' AND '????' AND ""person_info"".""note"" BETWEEN 'Gary Brumburgh / gr-home@pacbell.net' AND 'Ünsal Babayigit' AND ""movie_info"".""note"" BETWEEN '(Berlin International Film Festival)' AND 'ôtre k''ôtre';"
5a.sql,4,347927523,company_type|complete_cast|movie_companies|movie_link|title,5,5dadf544,ok,"SELECT DISTINCT ON(""company_type"".""id"") ""company_type"".""id"" FROM ""company_type"" LEFT JOIN ""movie_companies"" ON ""company_type"".""id"" = ""movie_companies"".""company_type_id"" LEFT JOIN ""title"" ON ""movie_companies"".""movie_id"" = ""title"".""id"" LEFT JOIN ""movie_link"" ON ""title"".""id"" = ""movie_link"".""movie_id"" LEFT JOIN ""complete_cast"" ON ""title"".""id"" = ""complete_cast"".""movie_id"" WHERE ""movie_link"".""linked_movie_id"" BETWEEN 11104 AND 2524994 AND ""movie_companies"".""note"" BETWEEN '(1911) (USA) (theatrical)' AND 'co-production)' AND ""company_type"".""kind"" BETWEEN 'distributors' AND 'special effects companies' AND ""title"".""phonetic_code"" BETWEEN 'A2352' AND 'Z6565' AND ""complete_cast"".""status_id"" BETWEEN 3 AND 4;"
5b.sql,4,347927523,company_name|company_type|movie_companies|movie_info_idx|title,5,ba02fad7,ok,"SELECT DISTINCT ON(""company_type"".""id"") ""company_type"".""id"" FROM ""company_type"" LEFT JOIN ""movie_companies"" ON ""company_type"".""id"" = ""movie_companies"".""company_type_id"" LEFT JOIN ""company_name"" ON ""movie_companies"".""company_id"" = ""company_name"".""id"" LEFT JOIN ""title"" ON ""movie_companies"".""movie_id"" = ""title"".""id"" LEFT JOIN ""movie_info_idx"" ON ""title"".""id"" = ""movie_info_idx"".""movie_id"" WHERE ""company_name"".""country_code"" BETWEEN '[at]' AND '[zw]' AND ""movie_info_idx"".""info"" BETWEEN '.....23010' AND '9997' AND ""title"".""phonetic_code"" BETWEEN 'A2352' AND 'Z6565' AND ""company_type"".""kind"" BETWEEN 'distributors' AND 'special effects companies' AND ""movie_companies"".""note"" BETWEEN '(1911) (USA) (theatrical)' AND 'co-production)';"
5c.sql,4,347927523,company_name|company_type|movie_companies|movie_info|title,5,0840b5c4,ok,"SELECT DISTINCT ON(""company_type"".""id"") ""company_type"".""id"" FROM ""company_type"" LEFT JOIN ""movie_companies"" ON ""company_type"".""id"" = ""movie_companies"".""company_type_id"" LEFT JOIN ""company_name"" ON ""movie_companies"".""company_id"" = ""company_name"".""id"" LEFT JOIN ""title"" ON ""movie_companies"".""movie_id"" = ""title"".""id"" LEFT JOIN ""movie_info"" ON ""title"".""id"" = ""movie_info"".""movie_id"" WHERE ""movie_info"".""info"" BETWEEN '$25,000' AND '€ 999,554 (Belgium) (25 March 2007)' AND ""movie_companies"".""note"" BETWEEN '(1911) (USA) (theatrical)' AND 'co-production)' AND ""company_name"".""country_code"" BETWEEN '[at]' AND '[zw]' AND ""company_type"".""kind"" BETWEEN 'distributors' AND 'special effects companies' AND ""title"".""title"" BETWEEN '(#1.10964)' AND 'üç';"
6a.sql,4,308293359,cast_info|keyword|movie_keyword|name|title,5,f33ec088,ok,"SELECT DISTINCT ON(""cast_info"".""id"") ""cast_info"".""person_role_id"" FROM ""cast_info"" LEFT JOIN ""title"" ON ""cast_info"".""movie_id"" = ""title"".""id"" LEFT JOIN ""movie_keyword"" ON ""title"".""id"" = ""movie_keyword"".""movie_id"" LEFT JOIN ""keyword"" ON ""movie_keyword"".""keyword_id"" = ""keyword"".""id"" LEFT JOIN ""name"" ON ""cast_info"".""person_id"" = ""name"".""id"" WHERE ""title"".""md5sum"" BETWEEN '0296d2b20235be36849d015e34d80f2c' AND 'fffffec1b13bc6af69f56864884364e4' AND ""keyword"".""phonetic_code"" BETWEEN 'A2364' AND 'Z653' AND ""name"".""md5sum"" BETWEEN '028f683477b8a4c79a33ff63cdc44581' AND 'fffff98a09c03b80a33d5f7ebc83006e' AND ""cast_info"".""nr_order"" BETWEEN 0 AND 1115798165;"
6b.sql,4,308293359,cast_info|name|person_info|role_type|title,5,44c695f4,ok,"SELECT DISTINCT ON(""cast_info"".""id"") ""cast_info"".""role_id"" FROM ""cast_info"" LEFT JOIN ""role_type"" ON ""cast_info"".""role_id"" = ""role_type"".""id"" LEFT JOIN ""name"" ON ""cast_info"".""person_id"" = ""name"".""id"" LEFT JOIN ""person_info"" ON ""name"".""id"" = ""person_info"".""person_id"" LEFT JOIN ""title"" ON ""cast_info"".""movie_id"" = ""title"".""id"" WHERE ""person_info"".""note"" BETWEEN 'Gary Brumburgh / gr-home@pacbell.net' AND 'Ünsal Babayigit' AND ""role_type"".""role"" BETWEEN 'actor' AND 'writer' AND ""title"".""season_nr"" BETWEEN 1 AND 2013 AND ""cast_info"".""note"" BETWEEN '(advisor) (as Dan Carter)' AND '(épouse de Raymond)' AND ""name"".""surname_pcode"" BETWEEN 'A32' AND 'Z656';"
6c.sql,4,308293359,aka_name|cast_info|name|role_type|title,5,5bdc6227,ok,"SELECT DISTINCT ON(""cast_info"".""id"") ""cast_info"".""id"" FROM ""cast_info"" LEFT JOIN ""name"" ON ""cast_info"".""person_id"" = ""name"".""id"" LEFT JOIN ""aka_name"" ON ""name"".""id"" = ""aka_name"".""person_id"" LEFT JOIN ""role_type"" ON ""cast_info"".""role_id"" = ""role_type"".""id"" LEFT JOIN ""title"" ON ""cast_info"".""movie_id"" = ""title"".""id"" WHERE ""aka_name"".""name_pcode_cf"" BETWEEN 'A254' AND 'Z6565' AND ""title"".""episode_of_id"" BETWEEN 15711 AND 2528186 AND ""name"".""name_pcode_nf"" BETWEEN 'A2621' AND 'Z6565' AND ""cast_info"".""nr_order"" BETWEEN 0 AND 1115798165 AND ""role_type"".""role"" BETWEEN 'actor' AND 'writer';"
6d.sql,4,308293359,cast_info|char_name|name|person_info|title,5,b99ffb0d,ok,"SELECT DISTINCT ON(""cast_info"".""id"") ""cast_info"".""nr_order"" FROM ""cast_info"" LEFT JOIN ""char_name"" ON ""cast_info"".""person_role_id"" = ""char_name"".""id"" LEFT JOIN ""name"" ON ""cast_info"".""person_id"" = ""name"".""id"" LEFT JOIN ""person_info"" ON ""name"".""id"" = ""person_info"".""person_id"" LEFT JOIN ""title"" ON ""cast_info"".""movie_id"" = ""title"".""id"" WHERE ""char_name"".""name"" BETWEEN 'Abe Tyson' AND 'üzletember' AND ""person_info"".""note"" BETWEEN 'Gary Brumburgh / gr-home@pacbell.net' AND 'Ünsal Babayigit' AND ""title"".""episode_of_id"" BETWEEN 15711 AND 2528186 AND ""cast_info"".""nr_order"" BETWEEN 0 AND 1115798165 AND ""name"".""gender"" BETWEEN 'f' AND 'm';"
6e.sql,4,308293359,aka_name|cast_info|movie_info|name|title,5,0797a08f,ok,"SELECT DISTINCT ON(""cast_info"".""id"") ""cast_info"".""movie_id"" FROM ""cast_info"" LEFT JOIN ""name"" ON ""cast_info"".""person_id"" = ""name"".""id"" LEFT JOIN ""aka_name"" ON ""name"".""id"" = ""aka_name"".""person_id"" LEFT JOIN ""title"" ON ""cast_info"".""movie_id"" = ""title"".""id"" LEFT JOIN ""movie_info"" ON ""title"".""id"" = ""movie_info"".""movie_id"" WHERE ""aka_name"".""name_pcode_nf"" BETWEEN 'A3415' AND 'Z6565' AND ""title"".""season_nr"" BETWEEN 1 AND 2013 AND ""name"".""name_pcode_nf"" BETWEEN 'A2621' AND 'Z6565' AND ""movie_info"".""note"" BETWEEN '(Berlin International Film Festival)' AND 'ôtre k''ôtre' AND ""cast_info"".""note"" BETWEEN '(advisor) (as Dan Carter)' AND '(épouse de Raymond)';"
6f.sql,4,308293359,aka_name|cast_info|char_name|name|role_type,5,178bef0a,ok,"SELECT DISTINCT ON(""cast_info"".""id"") ""cast_info"".""nr_order"" FROM ""cast_info"" LEFT JOIN ""role_type"" ON ""cast_info"".""role_id"" = ""role_type"".""id"" LEFT JOIN ""name"" ON ""cast_info"".""person_id"" = ""name"".""id"" LEFT JOIN ""aka_name"" ON ""name"".""id"" = ""aka_name"".""person_id"" LEFT JOIN ""char_name"" ON ""cast_info"".""person_role_id"" = ""char_name"".""id"" WHERE ""char_name"".""name"" BETWEEN 'Abe Tyson' AND 'üzletember' AND ""aka_name"".""imdb_index"" BETWEEN 'IV' AND 'IV' AND ""role_type"".""role"" BETWEEN 'actor' AND 'writer' AND ""cast_info"".""nr_order"" BETWEEN 0 AND 1115798165 AND ""name"".""name_pcode_nf"" BETWEEN 'A2621' AND 'Z6565';"
7a.sql,7,378676288,aka_name|cast_info|char_name|info_type|name|person_info|role_type|title,8,75115ab9,ok,"SELECT DISTINCT ON(""aka_name"".""id"") ""aka_name"".""md5sum"" FROM ""aka_name"" LEFT JOIN ""name"" ON ""aka_name"".""person_id"" = ""name"".""id"" LEFT JOIN ""person_info"" ON ""name"".""id"" = ""person_info"".""person_id"" LEFT JOIN ""cast_info"" ON ""name"".""id"" = ""cast_info"".""person_id"" LEFT JOIN ""role_type"" ON ""cast_info"".""role_id"" = ""role_type"".""id"" LEFT JOIN ""char_name"" ON ""cast_info"".""person_role_id"" = ""char_name"".""id"" LEFT JOIN ""title"" ON ""cast_info"".""movie_id"" = ""title"".""id"" LEFT JOIN ""info_type"" ON ""person_info"".""info_type_id"" = ""info_type"".""id"" WHERE ""aka_name"".""name_pcode_cf"" BETWEEN 'A254' AND 'Z6565' AND ""info_type"".""info"" BETWEEN 'LD additional information' AND 'where now' AND ""char_name"".""imdb_index"" BETWEEN 'M' AND 'M' AND ""title"".""production_year"" BETWEEN 1910 AND 2019 AND ""person_info"".""note"" BETWEEN 'Gary Brumburgh / gr-home@pacbell.net' AND 'Ünsal Babayigit' AND ""name"".""name"" BETWEEN 'Akhurst, Veronica' AND 'þórhallsson, Þórhallur' AND ""cast_info"".""note"" BETWEEN '(advisor) (as Dan Carter)' AND '(épouse de Raymond)' AND ""role_type"".""role"" BETWEEN 'actor' AND 'writer';"
7b.sql,7,378676288,aka_name|cast_info|keyword|movie_info|movie_keyword|movie_link|name|title,8,ff049d39,ok,"SELECT DISTINCT ON(""aka_name"".""id"") ""aka_name"".""name_pcode_cf"" FROM ""aka_name"" LEFT JOIN ""name"" ON ""aka_name"".""person_id"" = ""name"".""id"" LEFT JOIN ""cast_info"" ON ""name"".""id"" = ""cast_info"".""person_id"" LEFT JOIN ""title"" ON ""cast_info"".""movie_id"" = ""title"".""id"" LEFT JOIN ""movie_keyword"" ON ""title"".""id"" = ""movie_keyword"".""movie_id"" LEFT JOIN ""movie_link"" ON ""title"".""id"" = ""movie_link"".""movie_id"" LEFT JOIN ""keyword"" ON ""movie_keyword"".""keyword_id"" = ""keyword"".""id"" LEFT JOIN ""movie_info"" ON ""title"".""id"" = ""movie_info"".""movie_id"" WHERE ""aka_name"".""name_pcode_nf"" BETWEEN 'A3415' AND 'Z6565' AND ""movie_info"".""info"" BETWEEN '$25,000' AND '€ 999,554 (Belgium) (25 March 2007)' AND ""movie_link"".""linked_movie_id"" BETWEEN 11104 AND 2524994 AND ""keyword"".""phonetic_code"" BETWEEN 'A2364' AND 'Z653' AND ""title"".""title"" BETWEEN '(#1.10964)' AND 'üç' AND ""cast_info"".""nr_order"" BETWEEN 0 AND 1115798165 AND ""name"".""name_pcode_cf"" BETWEEN 'A2526' AND 'Z6565';"
7c.sql,7,378676288,aka_name|cast_info|info_type|movie_info|movie_info_idx|name|person_info|title,8,e365b3fb,ok,"SELECT DISTINCT ON(""aka_name"".""id"") ""aka_name"".""name_pcode_cf"" FROM ""aka_name"" LEFT JOIN ""name"" ON ""aka_name"".""person_id"" = ""name"".""id"" LEFT JOIN ""person_info"" ON ""name"".""id"" = ""person_info"".""person_id"" LEFT JOIN ""cast_info"" ON ""name"".""id"" = ""cast_info"".""person_id"" LEFT JOIN ""info_type"" ON ""person_info"".""info_type_id"" = ""info_type"".""id"" LEFT JOIN ""title"" ON ""cast_info"".""movie_id"" = ""title"".""id"" LEFT JOIN ""movie_info_idx"" ON ""title"".""id"" = ""movie_info_idx"".""movie_id"" LEFT JOIN ""movie_info"" ON ""info_type"".""id"" = ""movie_info"".""info_type_id"" WHERE ""movie_info_idx"".""info"" BETWEEN '.....23010' AND '9997' AND ""info_type"".""info"" BETWEEN 'LD additional information' AND 'where now' AND ""aka_name"".""surname_pcode"" BETWEEN 'A362' AND 'Z656' AND ""title"".""season_nr"" BETWEEN 1 AND 2013 AND ""person_info"".""info"" BETWEEN '""Celebrity Sleuth"" (USA), 2004, Iss. 35' AND 'Þórsson, Sindri Eldon' AND ""name"".""name"" BETWEEN 'Akhurst, Veronica' AND 'þórhallsson, Þórhallur' AND ""movie_info"".""info"" BETWEEN '$25,000' AND '€ 999,554 (Belgium) (25 March 2007)' AND ""cast_info"".""note"" BETWEEN '(advisor) (as Dan Carter)' AND '(épouse de Raymond)';"
8a.sql,6,327687351,aka_name|cast_info|char_name|info_type|name|person_info|role_type,7,e740178f,ok,"SELECT DISTINCT ON(""aka_name"".""id"") ""aka_name"".""id"" FROM ""aka_name"" LEFT JOIN ""name"" ON ""aka_name"".""person_id"" = ""name"".""id"" LEFT JOIN ""cast_info"" ON ""name"".""id"" = ""cast_info"".""person_id"" LEFT JOIN ""char_name"" ON ""cast_info"".""person_role_id"" = ""char_name"".""id"" LEFT JOIN ""person_info"" ON ""name"".""id"" = ""person_info"".""person_id"" LEFT JOIN ""info_type"" ON ""person_info"".""info_type_id"" = ""info_type"".""id"" LEFT JOIN ""role_type"" ON ""cast_info"".""role_id"" = ""role_type"".""id"" WHERE ""char_name"".""name"" BETWEEN 'Abe Tyson' AND 'üzletember' AND ""aka_name"".""name_pcode_cf"" BETWEEN 'A254' AND 'Z6565' AND ""person_info"".""info"" BETWEEN '""Celebrity Sleuth"" (USA), 2004, Iss. 35' AND 'Þórsson, Sindri Eldon' AND ""info_type"".""info"" BETWEEN 'LD additional information' AND 'where now' AND ""role_type"".""role"" BETWEEN 'actor' AND 'writer' AND ""cast_info"".""note"" BETWEEN '(advisor) (as Dan Carter)' AND '(épouse de Raymond)' AND ""name"".""imdb_index"" BETWEEN 'I' AND 'XXXVIII';"
8b.sql,6,327687351,aka_name|cast_info|movie_info_idx|name|person_info|role_type|title,7,4f62a2af,ok,"SELECT DISTINCT ON(""aka_name"".""id"") ""aka_name"".""surname_pcode"" FROM ""aka_name"" LEFT JOIN ""name"" ON ""aka_name"".""person_id"" = ""name"".""id"" LEFT JOIN ""person_info"" ON ""name"".""id"" = ""person_info"".""person_id"" LEFT JOIN ""cast_info"" ON ""name"".""id"" = ""cast_info"".""person_id"" LEFT JOIN ""role_type"" ON ""cast_info"".""role_id"" = ""role_type"".""id"" LEFT JOIN ""title"" ON ""cast_info"".""movie_id"" = ""title"".""id"" LEFT JOIN ""movie_info_idx"" ON ""title"".""id"" = ""movie_info_idx"".""movie_id"" WHERE ""movie_info_idx"".""info"" BETWEEN '.....23010' AND '9997' AND ""aka_name"".""name"" BETWEEN 'Afzelius, Kick' AND 'üNal, Emre' AND ""title"".""season_nr"" BETWEEN 1 AND 2013 AND ""person_info"".""info"" BETWEEN '""Celebrity Sleuth"" (USA), 2004, Iss. 35' AND 'Þórsson, Sindri Eldon' AND ""name"".""imdb_index"" BETWEEN 'I' AND 'XXXVIII' AND ""cast_info"".""nr_order"" BETWEEN 0 AND 1115798165 AND ""role_type"".""role"" BETWEEN 'actor' AND 'writer';"
8c.sql,6,327687351,aka_name|cast_info|char_name|complete_cast|name|person_info|title,7,cc5bb632,ok,"SELECT DISTINCT ON(""aka_name"".""id"") ""aka_name"".""person_id"" FROM ""aka_name"" LEFT JOIN ""name"" ON ""aka_name"".""person_id"" = ""name"".""id"" LEFT JOIN ""person_info"" ON ""name"".""id"" = ""person_info"".""person_id"" LEFT JOIN ""cast_info"" ON ""name"".""id"" = ""cast_info"".""person_id"" LEFT JOIN ""char_name"" ON ""cast_info"".""person_role_id"" = ""char_name"".""id"" LEFT JOIN ""title"" ON ""cast_info"".""movie_id"" = ""title"".""id"" LEFT JOIN ""complete_cast"" ON ""title"".""id"" = ""complete_cast"".""movie_id"" WHERE ""char_name"".""md5sum"" BETWEEN '02915d50d5e08da33b86102ae812b444' AND 'fffffa526fd5c372942d57a412a9a4fe' AND ""aka_name"".""imdb_index"" BETWEEN 'IV' AND 'IV' AND ""person_info"".""note"" BETWEEN 'Gary Brumburgh / gr-home@pacbell.net' AND 'Ünsal Babayigit' AND ""title"".""md5sum"" BETWEEN '0296d2b20235be36849d015e34d80f2c' AND 'fffffec1b13bc6af69f56864884364e4' AND ""complete_cast"".""status_id"" BETWEEN 3 AND 4 AND ""cast_info"".""note"" BETWEEN '(advisor) (as Dan Carter)' AND '(épouse de Raymond)' AND ""name"".""surname_pcode"" BETWEEN 'A32' AND 'Z656';"
8d.sql,6,327687351,aka_name|cast_info|movie_info_idx|name|person_info|role_type|title,7,0c91be83,ok,"SELECT DISTINCT ON(""aka_name"".""id"") ""aka_name"".""surname_pcode"" FROM ""aka_name"" LEFT JOIN ""name"" ON ""aka_name"".""person_id"" = ""name"".""id"" LEFT JOIN ""person_info"" ON ""name"".""id"" = ""person_info"".""person_id"" LEFT JOIN ""cast_info"" ON ""name"".""id"" = ""cast_info"".""person_id"" LEFT JOIN ""role_type"" ON ""cast_info"".""role_id"" = ""role_type"".""id"" LEFT JOIN ""title"" ON ""cast_info"".""movie_id"" = ""title"".""id"" LEFT JOIN ""movie_info_idx"" ON ""title"".""id"" = ""movie_info_idx"".""movie_id"" WHERE ""movie_info_idx"".""info"" BETWEEN '.....23010' AND '9997' AND ""aka_name"".""imdb_index"" BETWEEN 'IV' AND 'IV' AND ""title"".""production_year"" BETWEEN 1910 AND 2019 AND ""person_info"".""note"" BETWEEN 'Gary Brumburgh / gr-home@pacbell.net' AND 'Ünsal Babayigit' AND ""name"".""imdb_index"" BETWEEN 'I' AND 'XXXVIII' AND ""cast_info"".""note"" BETWEEN '(advisor) (as Dan Carter)' AND '(épouse de Raymond)' AND ""role_type"".""role"" BETWEEN 'actor' AND 'writer';"
9a.sql,7,359090741,aka_name|cast_info|link_type|movie_info|movie_info_idx|movie_link|name|title,8,21e4482f,ok,"SELECT DISTINCT ON(""aka_name"".""id"") ""aka_name"".""name_pcode_cf"" FROM ""aka_name"" LEFT JOIN ""name"" ON ""aka_name"".""person_id"" = ""name"".""id"" LEFT JOIN ""cast_info"" ON ""name"".""id"" = ""cast_info"".""person_id"" LEFT JOIN ""title"" ON ""cast_info"".""movie_id"" = ""title"".""id"" LEFT JOIN ""movie_link"" ON ""title"".""id"" = ""movie_link"".""movie_id"" LEFT JOIN ""movie_info"" ON ""title"".""id"" = ""movie_info"".""movie_id"" LEFT JOIN ""link_type"" ON ""movie_link"".""link_type_id"" = ""link_type"".""id"" LEFT JOIN ""movie_info_idx"" ON ""title"".""id"" = ""movie_info_idx"".""movie_id"" WHERE ""link_type"".""link"" BETWEEN 'alternate language version of' AND 'version of' AND ""aka_name"".""name"" BETWEEN 'Afzelius, Kick' AND 'üNal, Emre' AND ""movie_info"".""note"" BETWEEN '(Berlin International Film Festival)' AND 'ôtre k''ôtre' AND ""movie_link"".""linked_movie_id"" BETWEEN 11104 AND 2524994 AND ""movie_info_idx"".""info"" BETWEEN '.....23010' AND '9997' AND ""title"".""phonetic_code"" BETWEEN 'A2352' AND 'Z6565' AND ""cast_info"".""nr_order"" BETWEEN 0 AND 1115798165 AND ""name"".""name_pcode_nf"" BETWEEN 'A2621' AND 'Z6565';"
9b.sql,7,359090741,aka_name|cast_info|keyword|movie_keyword|name|person_info|role_type|title,8,1e973933,ok,"SELECT DISTINCT ON(""aka_name"".""id"") ""aka_name"".""person_id"" FROM ""aka_name"" LEFT JOIN ""name"" ON ""aka_name"".""person_id"" = ""name"".""id"" LEFT JOIN ""person_info"" ON ""name"".""id"" = ""person_info"".""person_id"" LEFT JOIN ""cast_info"" ON ""name"".""id"" = ""cast_info"".""person_id"" LEFT JOIN ""title"" ON ""cast_info"".""movie_id"" = ""title"".""id"" LEFT JOIN ""movie_keyword"" ON ""title"".""id"" = ""movie_keyword"".""movie_id"" LEFT JOIN ""role_type"" ON ""cast_info"".""role_id"" = ""role_type"".""id"" LEFT JOIN ""keyword"" ON ""movie_keyword"".""keyword_id"" = ""keyword"".""id"" WHERE ""aka_name"".""name_pcode_nf"" BETWEEN 'A3415' AND 'Z6565' AND ""title"".""series_years"" BETWEEN '1991-????' AND '????' AND ""keyword"".""keyword"" BETWEEN 'acidosis' AND 'øresund' AND ""person_info"".""info"" BETWEEN '""Celebrity Sleuth"" (USA), 2004, Iss. 35' AND 'Þórsson, Sindri Eldon' AND ""name"".""imdb_index"" BETWEEN 'I' AND 'XXXVIII' AND ""cast_info"".""note"" BETWEEN '(advisor) (as Dan Carter)' AND '(épouse de Raymond)' AND ""role_type"".""role"" BETWEEN 'actor' AND 'writer';"
9c.sql,7,359090741,aka_name|cast_info|info_type|kind_type|movie_info_idx|name|role_type|title,8,c4c6e3cd,ok,"SELECT DISTINCT ON(""aka_name"".""id"") ""aka_name"".""id"" FROM ""aka_name"" LEFT JOIN ""name"" ON ""aka_name"".""person_id"" = ""name"".""id"" LEFT JOIN ""cast_info"" ON ""name"".""id"" = ""cast_info"".""person_id"" LEFT JOIN ""title"" ON ""cast_info"".""movie_id"" = ""title"".""id"" LEFT JOIN ""movie_info_idx"" ON ""title"".""id"" = ""movie_info_idx"".""movie_id"" LEFT JOIN ""info_type"" ON ""movie_info_idx"".""info_type_id"" = ""info_type"".""id"" LEFT JOIN ""role_type"" ON ""cast_info"".""role_id"" = ""role_type"".""id"" LEFT JOIN ""kind_type"" ON ""title"".""kind_id"" = ""kind_type"".""id"" WHERE ""aka_name"".""name_pcode_nf"" BETWEEN 'A3415' AND 'Z6565' AND ""kind_type"".""kind"" BETWEEN 'episode' AND 'video movie' AND ""info_type"".""info"" BETWEEN 'LD additional information' AND 'where now' AND ""role_type"".""role"" BETWEEN 'actor' AND 'writer' AND ""movie_info_idx"".""info"" BETWEEN '.....23010' AND '9997' AND ""title"".""production_year"" BETWEEN 1910 AND 2019 AND ""cast_info"".""note"" BETWEEN '(advisor) (as Dan Carter)' AND '(épouse de Raymond)' AND ""name"".""surname_pcode"" BETWEEN 'A32' AND 'Z656';"
9d.sql,7,359090741,aka_name|aka_title|info_type|movie_info|movie_info_idx|name|person_info|title,8,a717d884,ok,"SELECT DISTINCT ON(""aka_name"".""id"") ""aka_name"".""id"" FROM ""aka_name"" LEFT JOIN ""name"" ON ""aka_name"".""person_id"" = ""name"".""id"" LEFT JOIN ""person_info"" ON ""name"".""id"" = ""person_info"".""person_id"" LEFT JOIN ""info_type"" ON ""person_info"".""info_type_id"" = ""info_type"".""id"" LEFT JOIN ""movie_info"" ON ""info_type"".""id"" = ""movie_info"".""info_type_id"" LEFT JOIN ""movie_info_idx"" ON ""info_type"".""id"" = ""movie_info_idx"".""info_type_id"" LEFT JOIN ""title"" ON ""movie_info"".""movie_id"" = ""title"".""id"" LEFT JOIN ""aka_title"" ON ""title"".""id"" = ""aka_title"".""movie_id"" WHERE ""movie_info_idx"".""info"" BETWEEN '.....23010' AND '9997' AND ""info_type"".""info"" BETWEEN 'LD additional information' AND 'where now' AND ""aka_name"".""name_pcode_nf"" BETWEEN 'A3415' AND 'Z6565' AND ""title"".""production_year"" BETWEEN 1910 AND 2019 AND ""aka_title"".""episode_nr"" BETWEEN 1 AND 4315 AND ""person_info"".""note"" BETWEEN 'Gary Brumburgh / gr-home@pacbell.net' AND 'Ünsal Babayigit' AND ""name"".""imdb_index"" BETWEEN 'I' AND 'XXXVIII' AND ""movie_info"".""info"" BETWEEN '$25,000' AND '€ 999,554 (Belgium) (25 March 2007)';"
fkindexes.sql,0,0,aka_name,1,bf9a89b7,ok,"SELECT DISTINCT ON(""aka_name"".""id"") ""aka_name"".""md5sum"" FROM ""aka_name"" WHERE ""aka_name"".""md5sum"" BETWEEN '11dfac1776b013007c28457f154bc98c' AND '1e989df32c85265732fb87d0d67ad60c';"
schema.sql,0,0,aka_name,1,5483d771,ok,"SELECT DISTINCT ON(""aka_name"".""id"") ""aka_name"".""id"" FROM ""aka_name"" WHERE ""aka_name"".""md5sum"" BETWEEN '80336879515c052bf1b4e438936238cc' AND '8d08a83cb38b39f6df42aeb72b8c7c8d';"
